[2026-03-31 10:37:22] Le livre demandé n'existe pas in /Users/michaelpeltier/Desktop/OpenClassrooms/PROJET_4/TomTroc/App/Controllers/BooksController.php:63
#0 /Users/michaelpeltier/Desktop/OpenClassrooms/PROJET_4/TomTroc/App/Core/Router.php(136): App\Controllers\BooksController->showBook('-1')
#1 /Users/michaelpeltier/Desktop/OpenClassrooms/PROJET_4/TomTroc/index.php(22): App\Core\Router->dispatch('GET', '/book/-1')
#2 {main}[2026-03-31 10:37:22] La page demandée n'existe pas. in /Users/michaelpeltier/Desktop/OpenClassrooms/PROJET_4/TomTroc/App/Core/Router.php:141
#0 /Users/michaelpeltier/Desktop/OpenClassrooms/PROJET_4/TomTroc/index.php(22): App\Core\Router->dispatch('GET', '/.well-known/ap...')
#1 {main}[2026-03-31 11:05:19] La page demandée n'existe pas. in /Users/michaelpeltier/Desktop/OpenClassrooms/PROJET_4/TomTroc/App/Core/Router.php:141
#0 /Users/michaelpeltier/Desktop/OpenClassrooms/PROJET_4/TomTroc/index.php(22): App\Core\Router->dispatch('GET', '/.well-known/ap...')
#1 {main}[2026-03-31 11:05:23] La page demandée n'existe pas. in /Users/michaelpeltier/Desktop/OpenClassrooms/PROJET_4/TomTroc/App/Core/Router.php:141
#0 /Users/michaelpeltier/Desktop/OpenClassrooms/PROJET_4/TomTroc/index.php(22): App\Core\Router->dispatch('GET', '/.well-known/ap...')
#1 {main}[2026-03-31 11:05:25] La page demandée n'existe pas. in /Users/michaelpeltier/Desktop/OpenClassrooms/PROJET_4/TomTroc/App/Core/Router.php:141
#0 /Users/michaelpeltier/Desktop/OpenClassrooms/PROJET_4/TomTroc/index.php(22): App\Core\Router->dispatch('GET', '/.well-known/ap...')
#1 {main}[2026-03-31 11:05:27] La page demandée n'existe pas. in /Users/michaelpeltier/Desktop/OpenClassrooms/PROJET_4/TomTroc/App/Core/Router.php:141
#0 /Users/michaelpeltier/Desktop/OpenClassrooms/PROJET_4/TomTroc/index.php(22): App\Core\Router->dispatch('GET', '/.well-known/ap...')
#1 {main}[2026-03-31 11:05:30] La page demandée n'existe pas. in /Users/michaelpeltier/Desktop/OpenClassrooms/PROJET_4/TomTroc/App/Core/Router.php:141
#0 /Users/michaelpeltier/Desktop/OpenClassrooms/PROJET_4/TomTroc/index.php(22): App\Core\Router->dispatch('GET', '/.well-known/ap...')
#1 {main}[2026-03-31 11:05:31] La page demandée n'existe pas. in /Users/michaelpeltier/Desktop/OpenClassrooms/PROJET_4/TomTroc/App/Core/Router.php:141
#0 /Users/michaelpeltier/Desktop/OpenClassrooms/PROJET_4/TomTroc/index.php(22): App\Core\Router->dispatch('GET', '/.well-known/ap...')
#1 {main}[2026-03-31 11:05:33] La page demandée n'existe pas. in /Users/michaelpeltier/Desktop/OpenClassrooms/PROJET_4/TomTroc/App/Core/Router.php:141
#0 /Users/michaelpeltier/Desktop/OpenClassrooms/PROJET_4/TomTroc/index.php(22): App\Core\Router->dispatch('GET', '/.well-known/ap...')
#1 {main}[2026-03-31 11:05:36] La page demandée n'existe pas. in /Users/michaelpeltier/Desktop/OpenClassrooms/PROJET_4/TomTroc/App/Core/Router.php:141
#0 /Users/michaelpeltier/Desktop/OpenClassrooms/PROJET_4/TomTroc/index.php(22): App\Core\Router->dispatch('GET', '/messaging//2')
#1 {main}[2026-03-31 11:05:36] La page demandée n'existe pas. in /Users/michaelpeltier/Desktop/OpenClassrooms/PROJET_4/TomTroc/App/Core/Router.php:141
#0 /Users/michaelpeltier/Desktop/OpenClassrooms/PROJET_4/TomTroc/index.php(22): App\Core\Router->dispatch('GET', '/.well-known/ap...')
#1 {main}[2026-03-31 11:06:39] La page demandée n'existe pas. in /Users/michaelpeltier/Desktop/OpenClassrooms/PROJET_4/TomTroc/App/Core/Router.php:141
#0 /Users/michaelpeltier/Desktop/OpenClassrooms/PROJET_4/TomTroc/index.php(22): App\Core\Router->dispatch('GET', '/.well-known/ap...')
#1 {main}[2026-03-31 11:11:27] La page demandée n'existe pas. in /Users/michaelpeltier/Desktop/OpenClassrooms/PROJET_4/TomTroc/App/Core/Router.php:141
#0 /Users/michaelpeltier/Desktop/OpenClassrooms/PROJET_4/TomTroc/index.php(22): App\Core\Router->dispatch('GET', '/.well-known/ap...')
#1 {main}[2026-03-31 11:11:30] La page demandée n'existe pas. in /Users/michaelpeltier/Desktop/OpenClassrooms/PROJET_4/TomTroc/App/Core/Router.php:141
#0 /Users/michaelpeltier/Desktop/OpenClassrooms/PROJET_4/TomTroc/index.php(22): App\Core\Router->dispatch('GET', '/.well-known/ap...')
#1 {main}[2026-03-31 11:11:32] La page demandée n'existe pas. in /Users/michaelpeltier/Desktop/OpenClassrooms/PROJET_4/TomTroc/App/Core/Router.php:141
#0 /Users/michaelpeltier/Desktop/OpenClassrooms/PROJET_4/TomTroc/index.php(22): App\Core\Router->dispatch('GET', '/.well-known/ap...')
#1 {main}[2026-03-31 11:11:33] La page demandée n'existe pas. in /Users/michaelpeltier/Desktop/OpenClassrooms/PROJET_4/TomTroc/App/Core/Router.php:141
#0 /Users/michaelpeltier/Desktop/OpenClassrooms/PROJET_4/TomTroc/index.php(22): App\Core\Router->dispatch('GET', '/.well-known/ap...')
#1 {main}[2026-03-31 11:11:36] La page demandée n'existe pas. in /Users/michaelpeltier/Desktop/OpenClassrooms/PROJET_4/TomTroc/App/Core/Router.php:141
#0 /Users/michaelpeltier/Desktop/OpenClassrooms/PROJET_4/TomTroc/index.php(22): App\Core\Router->dispatch('GET', '/.well-known/ap...')
#1 {main}[2026-03-31 11:11:38] La page demandée n'existe pas. in /Users/michaelpeltier/Desktop/OpenClassrooms/PROJET_4/TomTroc/App/Core/Router.php:141
#0 /Users/michaelpeltier/Desktop/OpenClassrooms/PROJET_4/TomTroc/index.php(22): App\Core\Router->dispatch('GET', '/.well-known/ap...')
#1 {main}[2026-03-31 11:11:38] La page demandée n'existe pas. in /Users/michaelpeltier/Desktop/OpenClassrooms/PROJET_4/TomTroc/App/Core/Router.php:141
#0 /Users/michaelpeltier/Desktop/OpenClassrooms/PROJET_4/TomTroc/index.php(22): App\Core\Router->dispatch('GET', '/.well-known/ap...')
#1 {main}[2026-03-31 11:11:40] La page demandée n'existe pas. in /Users/michaelpeltier/Desktop/OpenClassrooms/PROJET_4/TomTroc/App/Core/Router.php:141
#0 /Users/michaelpeltier/Desktop/OpenClassrooms/PROJET_4/TomTroc/index.php(22): App\Core\Router->dispatch('GET', '/.well-known/ap...')
#1 {main}[2026-03-31 11:11:44] La page demandée n'existe pas. in /Users/michaelpeltier/Desktop/OpenClassrooms/PROJET_4/TomTroc/App/Core/Router.php:141
#0 /Users/michaelpeltier/Desktop/OpenClassrooms/PROJET_4/TomTroc/index.php(22): App\Core\Router->dispatch('GET', '/.well-known/ap...')
#1 {main}[2026-03-31 11:11:45] La page demandée n'existe pas. in /Users/michaelpeltier/Desktop/OpenClassrooms/PROJET_4/TomTroc/App/Core/Router.php:141
#0 /Users/michaelpeltier/Desktop/OpenClassrooms/PROJET_4/TomTroc/index.php(22): App\Core\Router->dispatch('GET', '/.well-known/ap...')
#1 {main}[2026-03-31 11:11:46] La page demandée n'existe pas. in /Users/michaelpeltier/Desktop/OpenClassrooms/PROJET_4/TomTroc/App/Core/Router.php:141
#0 /Users/michaelpeltier/Desktop/OpenClassrooms/PROJET_4/TomTroc/index.php(22): App\Core\Router->dispatch('GET', '/.well-known/ap...')
#1 {main}[2026-03-31 11:12:35] La page demandée n'existe pas. in /Users/michaelpeltier/Desktop/OpenClassrooms/PROJET_4/TomTroc/App/Core/Router.php:141
#0 /Users/michaelpeltier/Desktop/OpenClassrooms/PROJET_4/TomTroc/index.php(22): App\Core\Router->dispatch('GET', '/.well-known/ap...')
#1 {main}[2026-03-31 11:12:36] ID livre invalide in /Users/michaelpeltier/Desktop/OpenClassrooms/PROJET_4/TomTroc/App/Controllers/AccountController.php:46
#0 /Users/michaelpeltier/Desktop/OpenClassrooms/PROJET_4/TomTroc/App/Core/Router.php(136): App\Controllers\AccountController->showPublicAccount('$redirect')
#1 /Users/michaelpeltier/Desktop/OpenClassrooms/PROJET_4/TomTroc/index.php(22): App\Core\Router->dispatch('GET', '/public-account...')
#2 {main}[2026-03-31 11:12:36] La page demandée n'existe pas. in /Users/michaelpeltier/Desktop/OpenClassrooms/PROJET_4/TomTroc/App/Core/Router.php:141
#0 /Users/michaelpeltier/Desktop/OpenClassrooms/PROJET_4/TomTroc/index.php(22): App\Core\Router->dispatch('GET', '/.well-known/ap...')
#1 {main}[2026-03-31 11:13:08] La page demandée n'existe pas. in /Users/michaelpeltier/Desktop/OpenClassrooms/PROJET_4/TomTroc/App/Core/Router.php:141
#0 /Users/michaelpeltier/Desktop/OpenClassrooms/PROJET_4/TomTroc/index.php(22): App\Core\Router->dispatch('GET', '/.well-known/ap...')
#1 {main}[2026-03-31 11:13:08] La page demandée n'existe pas. in /Users/michaelpeltier/Desktop/OpenClassrooms/PROJET_4/TomTroc/App/Core/Router.php:141
#0 /Users/michaelpeltier/Desktop/OpenClassrooms/PROJET_4/TomTroc/index.php(22): App\Core\Router->dispatch('GET', '/.well-known/ap...')
#1 {main}[2026-03-31 11:13:09] ID livre invalide in /Users/michaelpeltier/Desktop/OpenClassrooms/PROJET_4/TomTroc/App/Controllers/AccountController.php:46
#0 /Users/michaelpeltier/Desktop/OpenClassrooms/PROJET_4/TomTroc/App/Core/Router.php(136): App\Controllers\AccountController->showPublicAccount('$redirect')
#1 /Users/michaelpeltier/Desktop/OpenClassrooms/PROJET_4/TomTroc/index.php(22): App\Core\Router->dispatch('GET', '/public-account...')
#2 {main}[2026-03-31 11:13:09] La page demandée n'existe pas. in /Users/michaelpeltier/Desktop/OpenClassrooms/PROJET_4/TomTroc/App/Core/Router.php:141
#0 /Users/michaelpeltier/Desktop/OpenClassrooms/PROJET_4/TomTroc/index.php(22): App\Core\Router->dispatch('GET', '/.well-known/ap...')
#1 {main}[2026-03-31 11:13:10] La page demandée n'existe pas. in /Users/michaelpeltier/Desktop/OpenClassrooms/PROJET_4/TomTroc/App/Core/Router.php:141
#0 /Users/michaelpeltier/Desktop/OpenClassrooms/PROJET_4/TomTroc/index.php(22): App\Core\Router->dispatch('GET', '/.well-known/ap...')
#1 {main}[2026-03-31 11:13:10] La page demandée n'existe pas. in /Users/michaelpeltier/Desktop/OpenClassrooms/PROJET_4/TomTroc/App/Core/Router.php:141
#0 /Users/michaelpeltier/Desktop/OpenClassrooms/PROJET_4/TomTroc/index.php(22): App\Core\Router->dispatch('GET', '/.well-known/ap...')
#1 {main}[2026-03-31 11:13:10] La page demandée n'existe pas. in /Users/michaelpeltier/Desktop/OpenClassrooms/PROJET_4/TomTroc/App/Core/Router.php:141
#0 /Users/michaelpeltier/Desktop/OpenClassrooms/PROJET_4/TomTroc/index.php(22): App\Core\Router->dispatch('GET', '/.well-known/ap...')
#1 {main}[2026-03-31 11:13:11] La page demandée n'existe pas. in /Users/michaelpeltier/Desktop/OpenClassrooms/PROJET_4/TomTroc/App/Core/Router.php:141
#0 /Users/michaelpeltier/Desktop/OpenClassrooms/PROJET_4/TomTroc/index.php(22): App\Core\Router->dispatch('GET', '/.well-known/ap...')
#1 {main}[2026-03-31 11:13:11] La page demandée n'existe pas. in /Users/michaelpeltier/Desktop/OpenClassrooms/PROJET_4/TomTroc/App/Core/Router.php:141
#0 /Users/michaelpeltier/Desktop/OpenClassrooms/PROJET_4/TomTroc/index.php(22): App\Core\Router->dispatch('GET', '/.well-known/ap...')
#1 {main}[2026-03-31 11:13:12] La page demandée n'existe pas. in /Users/michaelpeltier/Desktop/OpenClassrooms/PROJET_4/TomTroc/App/Core/Router.php:141
#0 /Users/michaelpeltier/Desktop/OpenClassrooms/PROJET_4/TomTroc/index.php(22): App\Core\Router->dispatch('GET', '/.well-known/ap...')
#1 {main}[2026-03-31 11:15:30] Le mot de passe est incorrect : $2y$12$OSSGpA3KTX.fAFLEAT7oDetC6WGfbvHd5tsYY0kJdOzta4aXSmmcC in /Users/michaelpeltier/Desktop/OpenClassrooms/PROJET_4/TomTroc/App/Controllers/AccountController.php:94
#0 /Users/michaelpeltier/Desktop/OpenClassrooms/PROJET_4/TomTroc/App/Core/Router.php(136): App\Controllers\AccountController->connectUser()
#1 /Users/michaelpeltier/Desktop/OpenClassrooms/PROJET_4/TomTroc/index.php(22): App\Core\Router->dispatch('POST', '/connect-user')
#2 {main}[2026-03-31 11:15:30] La page demandée n'existe pas. in /Users/michaelpeltier/Desktop/OpenClassrooms/PROJET_4/TomTroc/App/Core/Router.php:141
#0 /Users/michaelpeltier/Desktop/OpenClassrooms/PROJET_4/TomTroc/index.php(22): App\Core\Router->dispatch('GET', '/.well-known/ap...')
#1 {main}[2026-03-31 11:15:38] La page demandée n'existe pas. in /Users/michaelpeltier/Desktop/OpenClassrooms/PROJET_4/TomTroc/App/Core/Router.php:141
#0 /Users/michaelpeltier/Desktop/OpenClassrooms/PROJET_4/TomTroc/index.php(22): App\Core\Router->dispatch('GET', '/.well-known/ap...')
#1 {main}[2026-03-31 11:15:40] La page demandée n'existe pas. in /Users/michaelpeltier/Desktop/OpenClassrooms/PROJET_4/TomTroc/App/Core/Router.php:141
#0 /Users/michaelpeltier/Desktop/OpenClassrooms/PROJET_4/TomTroc/index.php(22): App\Core\Router->dispatch('GET', '/.well-known/ap...')
#1 {main}[2026-03-31 11:21:12] Le mot de passe est incorrect : $2y$12$M0I4vNvVA0JwBsE9.ymB3OLlDbHevp6apTrYGM7IQkaLulQ/tRU.e in /Users/michaelpeltier/Desktop/OpenClassrooms/PROJET_4/TomTroc/App/Controllers/AccountController.php:94
#0 /Users/michaelpeltier/Desktop/OpenClassrooms/PROJET_4/TomTroc/App/Core/Router.php(136): App\Controllers\AccountController->connectUser()
#1 /Users/michaelpeltier/Desktop/OpenClassrooms/PROJET_4/TomTroc/index.php(22): App\Core\Router->dispatch('POST', '/connect-user')
#2 {main}[2026-03-31 11:21:12] La page demandée n'existe pas. in /Users/michaelpeltier/Desktop/OpenClassrooms/PROJET_4/TomTroc/App/Core/Router.php:141
#0 /Users/michaelpeltier/Desktop/OpenClassrooms/PROJET_4/TomTroc/index.php(22): App\Core\Router->dispatch('GET', '/.well-known/ap...')
#1 {main}[2026-03-31 11:37:34] Le mot de passe est incorrect : $2y$12$fXbP2KI3lkildIYj3t.9A.tGovy0q8QzLHAGOnoPXXxVhTMIEajka in /Users/michaelpeltier/Desktop/OpenClassrooms/PROJET_4/TomTroc/App/Controllers/AccountController.php:94
#0 /Users/michaelpeltier/Desktop/OpenClassrooms/PROJET_4/TomTroc/App/Core/Router.php(136): App\Controllers\AccountController->connectUser()
#1 /Users/michaelpeltier/Desktop/OpenClassrooms/PROJET_4/TomTroc/index.php(22): App\Core\Router->dispatch('POST', '/connect-user')
#2 {main}[2026-03-31 11:37:34] La page demandée n'existe pas. in /Users/michaelpeltier/Desktop/OpenClassrooms/PROJET_4/TomTroc/App/Core/Router.php:141
#0 /Users/michaelpeltier/Desktop/OpenClassrooms/PROJET_4/TomTroc/index.php(22): App\Core\Router->dispatch('GET', '/.well-known/ap...')
#1 {main}[2026-03-31 11:37:36] La page demandée n'existe pas. in /Users/michaelpeltier/Desktop/OpenClassrooms/PROJET_4/TomTroc/App/Core/Router.php:141
#0 /Users/michaelpeltier/Desktop/OpenClassrooms/PROJET_4/TomTroc/index.php(22): App\Core\Router->dispatch('GET', '/.well-known/ap...')
#1 {main}[2026-03-31 11:37:57] La page demandée n'existe pas. in /Users/michaelpeltier/Desktop/OpenClassrooms/PROJET_4/TomTroc/App/Core/Router.php:141
#0 /Users/michaelpeltier/Desktop/OpenClassrooms/PROJET_4/TomTroc/index.php(22): App\Core\Router->dispatch('GET', '/.well-known/ap...')
#1 {main}[2026-03-31 11:37:58] La page demandée n'existe pas. in /Users/michaelpeltier/Desktop/OpenClassrooms/PROJET_4/TomTroc/App/Core/Router.php:141
#0 /Users/michaelpeltier/Desktop/OpenClassrooms/PROJET_4/TomTroc/index.php(22): App\Core\Router->dispatch('GET', '/.well-known/ap...')
#1 {main}[2026-03-31 11:37:59] La page demandée n'existe pas. in /Users/michaelpeltier/Desktop/OpenClassrooms/PROJET_4/TomTroc/App/Core/Router.php:141
#0 /Users/michaelpeltier/Desktop/OpenClassrooms/PROJET_4/TomTroc/index.php(22): App\Core\Router->dispatch('GET', '/.well-known/ap...')
#1 {main}[2026-03-31 11:39:10] La page demandée n'existe pas. in /Users/michaelpeltier/Desktop/OpenClassrooms/PROJET_4/TomTroc/App/Core/Router.php:141
#0 /Users/michaelpeltier/Desktop/OpenClassrooms/PROJET_4/TomTroc/index.php(22): App\Core\Router->dispatch('GET', '/.well-known/ap...')
#1 {main}[2026-03-31 11:39:11] La page demandée n'existe pas. in /Users/michaelpeltier/Desktop/OpenClassrooms/PROJET_4/TomTroc/App/Core/Router.php:141
#0 /Users/michaelpeltier/Desktop/OpenClassrooms/PROJET_4/TomTroc/index.php(22): App\Core\Router->dispatch('GET', '/.well-known/ap...')
#1 {main}[2026-03-31 11:39:12] La page demandée n'existe pas. in /Users/michaelpeltier/Desktop/OpenClassrooms/PROJET_4/TomTroc/App/Core/Router.php:141
#0 /Users/michaelpeltier/Desktop/OpenClassrooms/PROJET_4/TomTroc/index.php(22): App\Core\Router->dispatch('GET', '/.well-known/ap...')
#1 {main}[2026-03-31 11:39:14] La page demandée n'existe pas. in /Users/michaelpeltier/Desktop/OpenClassrooms/PROJET_4/TomTroc/App/Core/Router.php:141
#0 /Users/michaelpeltier/Desktop/OpenClassrooms/PROJET_4/TomTroc/index.php(22): App\Core\Router->dispatch('GET', '/.well-known/ap...')
#1 {main}[2026-03-31 11:39:15] La page demandée n'existe pas. in /Users/michaelpeltier/Desktop/OpenClassrooms/PROJET_4/TomTroc/App/Core/Router.php:141
#0 /Users/michaelpeltier/Desktop/OpenClassrooms/PROJET_4/TomTroc/index.php(22): App\Core\Router->dispatch('GET', '/.well-known/ap...')
#1 {main}[2026-03-31 11:39:51] La page demandée n'existe pas. in /Users/michaelpeltier/Desktop/OpenClassrooms/PROJET_4/TomTroc/App/Core/Router.php:141
#0 /Users/michaelpeltier/Desktop/OpenClassrooms/PROJET_4/TomTroc/index.php(22): App\Core\Router->dispatch('GET', '/.well-known/ap...')
#1 {main}[2026-03-31 11:40:04] La page demandée n'existe pas. in /Users/michaelpeltier/Desktop/OpenClassrooms/PROJET_4/TomTroc/App/Core/Router.php:141
#0 /Users/michaelpeltier/Desktop/OpenClassrooms/PROJET_4/TomTroc/index.php(22): App\Core\Router->dispatch('GET', '/.well-known/ap...')
#1 {main}[2026-03-31 11:40:06] La page demandée n'existe pas. in /Users/michaelpeltier/Desktop/OpenClassrooms/PROJET_4/TomTroc/App/Core/Router.php:141
#0 /Users/michaelpeltier/Desktop/OpenClassrooms/PROJET_4/TomTroc/index.php(22): App\Core\Router->dispatch('GET', '/.well-known/ap...')
#1 {main}[2026-03-31 11:40:08] La page demandée n'existe pas. in /Users/michaelpeltier/Desktop/OpenClassrooms/PROJET_4/TomTroc/App/Core/Router.php:141
#0 /Users/michaelpeltier/Desktop/OpenClassrooms/PROJET_4/TomTroc/index.php(22): App\Core\Router->dispatch('GET', '/.well-known/ap...')
#1 {main}[2026-03-31 11:40:09] La page demandée n'existe pas. in /Users/michaelpeltier/Desktop/OpenClassrooms/PROJET_4/TomTroc/App/Core/Router.php:141
#0 /Users/michaelpeltier/Desktop/OpenClassrooms/PROJET_4/TomTroc/index.php(22): App\Core\Router->dispatch('GET', '/.well-known/ap...')
#1 {main}[2026-03-31 11:40:31] La page demandée n'existe pas. in /Users/michaelpeltier/Desktop/OpenClassrooms/PROJET_4/TomTroc/App/Core/Router.php:141
#0 /Users/michaelpeltier/Desktop/OpenClassrooms/PROJET_4/TomTroc/index.php(22): App\Core\Router->dispatch('GET', '/.well-known/ap...')
#1 {main}[2026-03-31 14:07:15] La page demandée n'existe pas. in /Users/michaelpeltier/Desktop/OpenClassrooms/PROJET_4/TomTroc/App/Core/Router.php:141
#0 /Users/michaelpeltier/Desktop/OpenClassrooms/PROJET_4/TomTroc/index.php(22): App\Core\Router->dispatch('GET', '/.well-known/ap...')
#1 {main}[2026-03-31 14:07:21] La page demandée n'existe pas. in /Users/michaelpeltier/Desktop/OpenClassrooms/PROJET_4/TomTroc/App/Core/Router.php:141
#0 /Users/michaelpeltier/Desktop/OpenClassrooms/PROJET_4/TomTroc/index.php(22): App\Core\Router->dispatch('GET', '/.well-known/ap...')
#1 {main}[2026-03-31 14:08:03] La page demandée n'existe pas. in /Users/michaelpeltier/Desktop/OpenClassrooms/PROJET_4/TomTroc/App/Core/Router.php:141
#0 /Users/michaelpeltier/Desktop/OpenClassrooms/PROJET_4/TomTroc/index.php(22): App\Core\Router->dispatch('GET', '/.well-known/ap...')
#1 {main}[2026-03-31 14:08:24] La page demandée n'existe pas. in /Users/michaelpeltier/Desktop/OpenClassrooms/PROJET_4/TomTroc/App/Core/Router.php:141
#0 /Users/michaelpeltier/Desktop/OpenClassrooms/PROJET_4/TomTroc/index.php(22): App\Core\Router->dispatch('GET', '/.well-known/ap...')
#1 {main}[2026-03-31 14:08:46] La page demandée n'existe pas. in /Users/michaelpeltier/Desktop/OpenClassrooms/PROJET_4/TomTroc/App/Core/Router.php:141
#0 /Users/michaelpeltier/Desktop/OpenClassrooms/PROJET_4/TomTroc/index.php(22): App\Core\Router->dispatch('GET', '/.well-known/ap...')
#1 {main}[2026-03-31 14:08:59] La page demandée n'existe pas. in /Users/michaelpeltier/Desktop/OpenClassrooms/PROJET_4/TomTroc/App/Core/Router.php:141
#0 /Users/michaelpeltier/Desktop/OpenClassrooms/PROJET_4/TomTroc/index.php(22): App\Core\Router->dispatch('GET', '/.well-known/ap...')
#1 {main}[2026-03-31 14:09:02] La page demandée n'existe pas. in /Users/michaelpeltier/Desktop/OpenClassrooms/PROJET_4/TomTroc/App/Core/Router.php:141
#0 /Users/michaelpeltier/Desktop/OpenClassrooms/PROJET_4/TomTroc/index.php(22): App\Core\Router->dispatch('GET', '/.well-known/ap...')
#1 {main}[2026-03-31 14:09:03] La page demandée n'existe pas. in /Users/michaelpeltier/Desktop/OpenClassrooms/PROJET_4/TomTroc/App/Core/Router.php:141
#0 /Users/michaelpeltier/Desktop/OpenClassrooms/PROJET_4/TomTroc/index.php(22): App\Core\Router->dispatch('GET', '/.well-known/ap...')
#1 {main}[2026-03-31 14:09:12] La page demandée n'existe pas. in /Users/michaelpeltier/Desktop/OpenClassrooms/PROJET_4/TomTroc/App/Core/Router.php:141
#0 /Users/michaelpeltier/Desktop/OpenClassrooms/PROJET_4/TomTroc/index.php(22): App\Core\Router->dispatch('GET', '/.well-known/ap...')
#1 {main}[2026-03-31 14:09:14] La page demandée n'existe pas. in /Users/michaelpeltier/Desktop/OpenClassrooms/PROJET_4/TomTroc/App/Core/Router.php:141
#0 /Users/michaelpeltier/Desktop/OpenClassrooms/PROJET_4/TomTroc/index.php(22): App\Core\Router->dispatch('GET', '/.well-known/ap...')
#1 {main}[2026-03-31 14:09:44] La page demandée n'existe pas. in /Users/michaelpeltier/Desktop/OpenClassrooms/PROJET_4/TomTroc/App/Core/Router.php:141
#0 /Users/michaelpeltier/Desktop/OpenClassrooms/PROJET_4/TomTroc/index.php(22): App\Core\Router->dispatch('GET', '/.well-known/ap...')
#1 {main}[2026-03-31 14:10:14] La page demandée n'existe pas. in /Users/michaelpeltier/Desktop/OpenClassrooms/PROJET_4/TomTroc/App/Core/Router.php:141
#0 /Users/michaelpeltier/Desktop/OpenClassrooms/PROJET_4/TomTroc/index.php(22): App\Core\Router->dispatch('GET', '/.well-known/ap...')
#1 {main}[2026-03-31 14:11:33] La page demandée n'existe pas. in /Users/michaelpeltier/Desktop/OpenClassrooms/PROJET_4/TomTroc/App/Core/Router.php:141
#0 /Users/michaelpeltier/Desktop/OpenClassrooms/PROJET_4/TomTroc/index.php(22): App\Core\Router->dispatch('GET', '/.well-known/ap...')
#1 {main}[2026-03-31 14:11:43] La page demandée n'existe pas. in /Users/michaelpeltier/Desktop/OpenClassrooms/PROJET_4/TomTroc/App/Core/Router.php:141
#0 /Users/michaelpeltier/Desktop/OpenClassrooms/PROJET_4/TomTroc/index.php(22): App\Core\Router->dispatch('GET', '/.well-known/ap...')
#1 {main}[2026-03-31 14:11:45] La page demandée n'existe pas. in /Users/michaelpeltier/Desktop/OpenClassrooms/PROJET_4/TomTroc/App/Core/Router.php:141
#0 /Users/michaelpeltier/Desktop/OpenClassrooms/PROJET_4/TomTroc/index.php(22): App\Core\Router->dispatch('GET', '/.well-known/ap...')
#1 {main}[2026-03-31 14:11:53] La page demandée n'existe pas. in /Users/michaelpeltier/Desktop/OpenClassrooms/PROJET_4/TomTroc/App/Core/Router.php:141
#0 /Users/michaelpeltier/Desktop/OpenClassrooms/PROJET_4/TomTroc/index.php(22): App\Core\Router->dispatch('GET', '/.well-known/ap...')
#1 {main}[2026-03-31 14:11:54] La page demandée n'existe pas. in /Users/michaelpeltier/Desktop/OpenClassrooms/PROJET_4/TomTroc/App/Core/Router.php:141
#0 /Users/michaelpeltier/Desktop/OpenClassrooms/PROJET_4/TomTroc/index.php(22): App\Core\Router->dispatch('GET', '/.well-known/ap...')
#1 {main}[2026-03-31 14:12:15] La page demandée n'existe pas. in /Users/michaelpeltier/Desktop/OpenClassrooms/PROJET_4/TomTroc/App/Core/Router.php:141
#0 /Users/michaelpeltier/Desktop/OpenClassrooms/PROJET_4/TomTroc/index.php(22): App\Core\Router->dispatch('GET', '/.well-known/ap...')
#1 {main}[2026-03-31 14:12:33] La page demandée n'existe pas. in /Users/michaelpeltier/Desktop/OpenClassrooms/PROJET_4/TomTroc/App/Core/Router.php:141
#0 /Users/michaelpeltier/Desktop/OpenClassrooms/PROJET_4/TomTroc/index.php(22): App\Core\Router->dispatch('GET', '/.well-known/ap...')
#1 {main}[2026-03-31 14:14:44] La page demandée n'existe pas. in /Users/michaelpeltier/Desktop/OpenClassrooms/PROJET_4/TomTroc/App/Core/Router.php:141
#0 /Users/michaelpeltier/Desktop/OpenClassrooms/PROJET_4/TomTroc/index.php(22): App\Core\Router->dispatch('GET', '/.well-known/ap...')
#1 {main}[2026-03-31 14:16:18] La page demandée n'existe pas. in /Users/michaelpeltier/Desktop/OpenClassrooms/PROJET_4/TomTroc/App/Core/Router.php:141
#0 /Users/michaelpeltier/Desktop/OpenClassrooms/PROJET_4/TomTroc/index.php(22): App\Core\Router->dispatch('GET', '/.well-known/ap...')
#1 {main}[2026-03-31 14:17:12] La page demandée n'existe pas. in /Users/michaelpeltier/Desktop/OpenClassrooms/PROJET_4/TomTroc/App/Core/Router.php:141
#0 /Users/michaelpeltier/Desktop/OpenClassrooms/PROJET_4/TomTroc/index.php(22): App\Core\Router->dispatch('GET', '/.well-known/ap...')
#1 {main}[2026-03-31 14:19:52] La page demandée n'existe pas. in /Users/michaelpeltier/Desktop/OpenClassrooms/PROJET_4/TomTroc/App/Core/Router.php:141
#0 /Users/michaelpeltier/Desktop/OpenClassrooms/PROJET_4/TomTroc/index.php(22): App\Core\Router->dispatch('GET', '/.well-known/ap...')
#1 {main}[2026-03-31 14:21:18] Call to a member function getOtherPictureUri() on array in /Users/michaelpeltier/Desktop/OpenClassrooms/PROJET_4/TomTroc/App/Views/templates/messaging.php:64
#0 /Users/michaelpeltier/Desktop/OpenClassrooms/PROJET_4/TomTroc/App/Views/View.php(57): require()
#1 /Users/michaelpeltier/Desktop/OpenClassrooms/PROJET_4/TomTroc/App/Views/View.php(37): App\Views\View->renderViewFromTemplate('/Users/michaelp...', Array)
#2 /Users/michaelpeltier/Desktop/OpenClassrooms/PROJET_4/TomTroc/App/Controllers/MessageController.php(43): App\Views\View->render('messaging', Array)
#3 /Users/michaelpeltier/Desktop/OpenClassrooms/PROJET_4/TomTroc/App/Core/Router.php(136): App\Controllers\MessageController->showMessaging('1', '5')
#4 /Users/michaelpeltier/Desktop/OpenClassrooms/PROJET_4/TomTroc/index.php(22): App\Core\Router->dispatch('GET', '/messaging/1/5')
#5 {main}[2026-03-31 14:21:18] La page demandée n'existe pas. in /Users/michaelpeltier/Desktop/OpenClassrooms/PROJET_4/TomTroc/App/Core/Router.php:141
#0 /Users/michaelpeltier/Desktop/OpenClassrooms/PROJET_4/TomTroc/index.php(22): App\Core\Router->dispatch('GET', '/.well-known/ap...')
#1 {main}[2026-03-31 14:21:25] Call to a member function getOtherPictureUri() on null in /Users/michaelpeltier/Desktop/OpenClassrooms/PROJET_4/TomTroc/App/Views/templates/messaging.php:64
#0 /Users/michaelpeltier/Desktop/OpenClassrooms/PROJET_4/TomTroc/App/Views/View.php(57): require()
#1 /Users/michaelpeltier/Desktop/OpenClassrooms/PROJET_4/TomTroc/App/Views/View.php(37): App\Views\View->renderViewFromTemplate('/Users/michaelp...', Array)
#2 /Users/michaelpeltier/Desktop/OpenClassrooms/PROJET_4/TomTroc/App/Controllers/MessageController.php(43): App\Views\View->render('messaging', Array)
#3 /Users/michaelpeltier/Desktop/OpenClassrooms/PROJET_4/TomTroc/App/Core/Router.php(136): App\Controllers\MessageController->showMessaging('1', '5')
#4 /Users/michaelpeltier/Desktop/OpenClassrooms/PROJET_4/TomTroc/index.php(22): App\Core\Router->dispatch('GET', '/messaging/1/5')
#5 {main}[2026-03-31 14:21:25] La page demandée n'existe pas. in /Users/michaelpeltier/Desktop/OpenClassrooms/PROJET_4/TomTroc/App/Core/Router.php:141
#0 /Users/michaelpeltier/Desktop/OpenClassrooms/PROJET_4/TomTroc/index.php(22): App\Core\Router->dispatch('GET', '/.well-known/ap...')
#1 {main}[2026-03-31 14:21:27] Call to a member function getOtherPictureUri() on null in /Users/michaelpeltier/Desktop/OpenClassrooms/PROJET_4/TomTroc/App/Views/templates/messaging.php:64
#0 /Users/michaelpeltier/Desktop/OpenClassrooms/PROJET_4/TomTroc/App/Views/View.php(57): require()
#1 /Users/michaelpeltier/Desktop/OpenClassrooms/PROJET_4/TomTroc/App/Views/View.php(37): App\Views\View->renderViewFromTemplate('/Users/michaelp...', Array)
#2 /Users/michaelpeltier/Desktop/OpenClassrooms/PROJET_4/TomTroc/App/Controllers/MessageController.php(43): App\Views\View->render('messaging', Array)
#3 /Users/michaelpeltier/Desktop/OpenClassrooms/PROJET_4/TomTroc/App/Core/Router.php(136): App\Controllers\MessageController->showMessaging('1', '5')
#4 /Users/michaelpeltier/Desktop/OpenClassrooms/PROJET_4/TomTroc/index.php(22): App\Core\Router->dispatch('GET', '/messaging/1/5')
#5 {main}[2026-03-31 14:21:27] La page demandée n'existe pas. in /Users/michaelpeltier/Desktop/OpenClassrooms/PROJET_4/TomTroc/App/Core/Router.php:141
#0 /Users/michaelpeltier/Desktop/OpenClassrooms/PROJET_4/TomTroc/index.php(22): App\Core\Router->dispatch('GET', '/.well-known/ap...')
#1 {main}[2026-03-31 14:21:32] La page demandée n'existe pas. in /Users/michaelpeltier/Desktop/OpenClassrooms/PROJET_4/TomTroc/App/Core/Router.php:141
#0 /Users/michaelpeltier/Desktop/OpenClassrooms/PROJET_4/TomTroc/index.php(22): App\Core\Router->dispatch('GET', '/.well-known/ap...')
#1 {main}[2026-03-31 14:21:57] La page demandée n'existe pas. in /Users/michaelpeltier/Desktop/OpenClassrooms/PROJET_4/TomTroc/App/Core/Router.php:141
#0 /Users/michaelpeltier/Desktop/OpenClassrooms/PROJET_4/TomTroc/index.php(22): App\Core\Router->dispatch('GET', '/.well-known/ap...')
#1 {main}[2026-03-31 14:23:06] La page demandée n'existe pas. in /Users/michaelpeltier/Desktop/OpenClassrooms/PROJET_4/TomTroc/App/Core/Router.php:141
#0 /Users/michaelpeltier/Desktop/OpenClassrooms/PROJET_4/TomTroc/index.php(22): App\Core\Router->dispatch('GET', '/.well-known/ap...')
#1 {main}[2026-03-31 14:23:35] La page demandée n'existe pas. in /Users/michaelpeltier/Desktop/OpenClassrooms/PROJET_4/TomTroc/App/Core/Router.php:141
#0 /Users/michaelpeltier/Desktop/OpenClassrooms/PROJET_4/TomTroc/index.php(22): App\Core\Router->dispatch('GET', '/.well-known/ap...')
#1 {main}[2026-03-31 14:24:01] La page demandée n'existe pas. in /Users/michaelpeltier/Desktop/OpenClassrooms/PROJET_4/TomTroc/App/Core/Router.php:141
#0 /Users/michaelpeltier/Desktop/OpenClassrooms/PROJET_4/TomTroc/index.php(22): App\Core\Router->dispatch('GET', '/.well-known/ap...')
#1 {main}[2026-03-31 14:24:38] La page demandée n'existe pas. in /Users/michaelpeltier/Desktop/OpenClassrooms/PROJET_4/TomTroc/App/Core/Router.php:141
#0 /Users/michaelpeltier/Desktop/OpenClassrooms/PROJET_4/TomTroc/index.php(22): App\Core\Router->dispatch('GET', '/.well-known/ap...')
#1 {main}[2026-03-31 14:24:58] La page demandée n'existe pas. in /Users/michaelpeltier/Desktop/OpenClassrooms/PROJET_4/TomTroc/App/Core/Router.php:141
#0 /Users/michaelpeltier/Desktop/OpenClassrooms/PROJET_4/TomTroc/index.php(22): App\Core\Router->dispatch('GET', '/.well-known/ap...')
#1 {main}[2026-03-31 14:26:41] La page demandée n'existe pas. in /Users/michaelpeltier/Desktop/OpenClassrooms/PROJET_4/TomTroc/App/Core/Router.php:141
#0 /Users/michaelpeltier/Desktop/OpenClassrooms/PROJET_4/TomTroc/index.php(22): App\Core\Router->dispatch('GET', '/.well-known/ap...')
#1 {main}[2026-03-31 14:28:03] La page demandée n'existe pas. in /Users/michaelpeltier/Desktop/OpenClassrooms/PROJET_4/TomTroc/App/Core/Router.php:141
#0 /Users/michaelpeltier/Desktop/OpenClassrooms/PROJET_4/TomTroc/index.php(22): App\Core\Router->dispatch('GET', '/.well-known/ap...')
#1 {main}[2026-03-31 14:32:31] La page demandée n'existe pas. in /Users/michaelpeltier/Desktop/OpenClassrooms/PROJET_4/TomTroc/App/Core/Router.php:141
#0 /Users/michaelpeltier/Desktop/OpenClassrooms/PROJET_4/TomTroc/index.php(22): App\Core\Router->dispatch('GET', '/.well-known/ap...')
#1 {main}[2026-03-31 14:34:09] La page demandée n'existe pas. in /Users/michaelpeltier/Desktop/OpenClassrooms/PROJET_4/TomTroc/App/Core/Router.php:141
#0 /Users/michaelpeltier/Desktop/OpenClassrooms/PROJET_4/TomTroc/index.php(22): App\Core\Router->dispatch('GET', '/.well-known/ap...')
#1 {main}[2026-03-31 14:35:43] La page demandée n'existe pas. in /Users/michaelpeltier/Desktop/OpenClassrooms/PROJET_4/TomTroc/App/Core/Router.php:141
#0 /Users/michaelpeltier/Desktop/OpenClassrooms/PROJET_4/TomTroc/index.php(22): App\Core\Router->dispatch('GET', '/.well-known/ap...')
#1 {main}[2026-03-31 14:35:49] La page demandée n'existe pas. in /Users/michaelpeltier/Desktop/OpenClassrooms/PROJET_4/TomTroc/App/Core/Router.php:141
#0 /Users/michaelpeltier/Desktop/OpenClassrooms/PROJET_4/TomTroc/index.php(22): App\Core\Router->dispatch('GET', '/.well-known/ap...')
#1 {main}[2026-03-31 14:36:01] La page demandée n'existe pas. in /Users/michaelpeltier/Desktop/OpenClassrooms/PROJET_4/TomTroc/App/Core/Router.php:141
#0 /Users/michaelpeltier/Desktop/OpenClassrooms/PROJET_4/TomTroc/index.php(22): App\Core\Router->dispatch('GET', '/.well-known/ap...')
#1 {main}[2026-03-31 14:36:02] La page demandée n'existe pas. in /Users/michaelpeltier/Desktop/OpenClassrooms/PROJET_4/TomTroc/App/Core/Router.php:141
#0 /Users/michaelpeltier/Desktop/OpenClassrooms/PROJET_4/TomTroc/index.php(22): App\Core\Router->dispatch('GET', '/.well-known/ap...')
#1 {main}[2026-03-31 14:37:06] La page demandée n'existe pas. in /Users/michaelpeltier/Desktop/OpenClassrooms/PROJET_4/TomTroc/App/Core/Router.php:141
#0 /Users/michaelpeltier/Desktop/OpenClassrooms/PROJET_4/TomTroc/index.php(22): App\Core\Router->dispatch('GET', '/.well-known/ap...')
#1 {main}[2026-03-31 14:43:35] La page demandée n'existe pas. in /Users/michaelpeltier/Desktop/OpenClassrooms/PROJET_4/TomTroc/App/Core/Router.php:141
#0 /Users/michaelpeltier/Desktop/OpenClassrooms/PROJET_4/TomTroc/index.php(22): App\Core\Router->dispatch('GET', '/.well-known/ap...')
#1 {main}[2026-03-31 14:44:39] La page demandée n'existe pas. in /Users/michaelpeltier/Desktop/OpenClassrooms/PROJET_4/TomTroc/App/Core/Router.php:141
#0 /Users/michaelpeltier/Desktop/OpenClassrooms/PROJET_4/TomTroc/index.php(22): App\Core\Router->dispatch('GET', '/.well-known/ap...')
#1 {main}[2026-03-31 14:44:49] La page demandée n'existe pas. in /Users/michaelpeltier/Desktop/OpenClassrooms/PROJET_4/TomTroc/App/Core/Router.php:141
#0 /Users/michaelpeltier/Desktop/OpenClassrooms/PROJET_4/TomTroc/index.php(22): App\Core\Router->dispatch('GET', '/.well-known/ap...')
#1 {main}[2026-03-31 14:45:14] La page demandée n'existe pas. in /Users/michaelpeltier/Desktop/OpenClassrooms/PROJET_4/TomTroc/App/Core/Router.php:141
#0 /Users/michaelpeltier/Desktop/OpenClassrooms/PROJET_4/TomTroc/index.php(22): App\Core\Router->dispatch('GET', '/.well-known/ap...')
#1 {main}[2026-03-31 14:46:25] La page demandée n'existe pas. in /Users/michaelpeltier/Desktop/OpenClassrooms/PROJET_4/TomTroc/App/Core/Router.php:141
#0 /Users/michaelpeltier/Desktop/OpenClassrooms/PROJET_4/TomTroc/index.php(22): App\Core\Router->dispatch('GET', '/.well-known/ap...')
#1 {main}[2026-03-31 14:46:53] La page demandée n'existe pas. in /Users/michaelpeltier/Desktop/OpenClassrooms/PROJET_4/TomTroc/App/Core/Router.php:141
#0 /Users/michaelpeltier/Desktop/OpenClassrooms/PROJET_4/TomTroc/index.php(22): App\Core\Router->dispatch('GET', '/.well-known/ap...')
#1 {main}[2026-03-31 15:24:50] La page demandée n'existe pas. in /Users/michaelpeltier/Desktop/OpenClassrooms/PROJET_4/TomTroc/App/Core/Router.php:141
#0 /Users/michaelpeltier/Desktop/OpenClassrooms/PROJET_4/TomTroc/index.php(22): App\Core\Router->dispatch('GET', '/.well-known/ap...')
#1 {main}[2026-03-31 15:25:46] La page demandée n'existe pas. in /Users/michaelpeltier/Desktop/OpenClassrooms/PROJET_4/TomTroc/App/Core/Router.php:141
#0 /Users/michaelpeltier/Desktop/OpenClassrooms/PROJET_4/TomTroc/index.php(22): App\Core\Router->dispatch('GET', '/.well-known/ap...')
#1 {main}[2026-03-31 15:26:35] La page demandée n'existe pas. in /Users/michaelpeltier/Desktop/OpenClassrooms/PROJET_4/TomTroc/App/Core/Router.php:141
#0 /Users/michaelpeltier/Desktop/OpenClassrooms/PROJET_4/TomTroc/index.php(22): App\Core\Router->dispatch('GET', '/.well-known/ap...')
#1 {main}[2026-03-31 15:29:48] La page demandée n'existe pas. in /Users/michaelpeltier/Desktop/OpenClassrooms/PROJET_4/TomTroc/App/Core/Router.php:141
#0 /Users/michaelpeltier/Desktop/OpenClassrooms/PROJET_4/TomTroc/index.php(22): App\Core\Router->dispatch('GET', '/.well-known/ap...')
#1 {main}[2026-03-31 15:30:09] La page demandée n'existe pas. in /Users/michaelpeltier/Desktop/OpenClassrooms/PROJET_4/TomTroc/App/Core/Router.php:141
#0 /Users/michaelpeltier/Desktop/OpenClassrooms/PROJET_4/TomTroc/index.php(22): App\Core\Router->dispatch('GET', '/.well-known/ap...')
#1 {main}[2026-03-31 15:33:00] La page demandée n'existe pas. in /Users/michaelpeltier/Desktop/OpenClassrooms/PROJET_4/TomTroc/App/Core/Router.php:141
#0 /Users/michaelpeltier/Desktop/OpenClassrooms/PROJET_4/TomTroc/index.php(22): App\Core\Router->dispatch('GET', '/.well-known/ap...')
#1 {main}[2026-03-31 15:34:25] La page demandée n'existe pas. in /Users/michaelpeltier/Desktop/OpenClassrooms/PROJET_4/TomTroc/App/Core/Router.php:141
#0 /Users/michaelpeltier/Desktop/OpenClassrooms/PROJET_4/TomTroc/index.php(22): App\Core\Router->dispatch('GET', '/.well-known/ap...')
#1 {main}[2026-03-31 15:34:32] La page demandée n'existe pas. in /Users/michaelpeltier/Desktop/OpenClassrooms/PROJET_4/TomTroc/App/Core/Router.php:141
#0 /Users/michaelpeltier/Desktop/OpenClassrooms/PROJET_4/TomTroc/index.php(22): App\Core\Router->dispatch('GET', '/.well-known/ap...')
#1 {main}[2026-03-31 15:35:25] La page demandée n'existe pas. in /Users/michaelpeltier/Desktop/OpenClassrooms/PROJET_4/TomTroc/App/Core/Router.php:141
#0 /Users/michaelpeltier/Desktop/OpenClassrooms/PROJET_4/TomTroc/index.php(22): App\Core\Router->dispatch('GET', '/.well-known/ap...')
#1 {main}[2026-03-31 15:35:34] La page demandée n'existe pas. in /Users/michaelpeltier/Desktop/OpenClassrooms/PROJET_4/TomTroc/App/Core/Router.php:141
#0 /Users/michaelpeltier/Desktop/OpenClassrooms/PROJET_4/TomTroc/index.php(22): App\Core\Router->dispatch('GET', '/.well-known/ap...')
#1 {main}[2026-03-31 15:36:59] La page demandée n'existe pas. in /Users/michaelpeltier/Desktop/OpenClassrooms/PROJET_4/TomTroc/App/Core/Router.php:141
#0 /Users/michaelpeltier/Desktop/OpenClassrooms/PROJET_4/TomTroc/index.php(22): App\Core\Router->dispatch('GET', '/.well-known/ap...')
#1 {main}[2026-03-31 15:41:08] La page demandée n'existe pas. in /Users/michaelpeltier/Desktop/OpenClassrooms/PROJET_4/TomTroc/App/Core/Router.php:141
#0 /Users/michaelpeltier/Desktop/OpenClassrooms/PROJET_4/TomTroc/index.php(22): App\Core\Router->dispatch('GET', '/.well-known/ap...')
#1 {main}[2026-03-31 15:41:39] La page demandée n'existe pas. in /Users/michaelpeltier/Desktop/OpenClassrooms/PROJET_4/TomTroc/App/Core/Router.php:141
#0 /Users/michaelpeltier/Desktop/OpenClassrooms/PROJET_4/TomTroc/index.php(22): App\Core\Router->dispatch('GET', '/.well-known/ap...')
#1 {main}[2026-03-31 15:42:36] La page demandée n'existe pas. in /Users/michaelpeltier/Desktop/OpenClassrooms/PROJET_4/TomTroc/App/Core/Router.php:141
#0 /Users/michaelpeltier/Desktop/OpenClassrooms/PROJET_4/TomTroc/index.php(22): App\Core\Router->dispatch('GET', '/.well-known/ap...')
#1 {main}[2026-03-31 15:43:13] La page demandée n'existe pas. in /Users/michaelpeltier/Desktop/OpenClassrooms/PROJET_4/TomTroc/App/Core/Router.php:141
#0 /Users/michaelpeltier/Desktop/OpenClassrooms/PROJET_4/TomTroc/index.php(22): App\Core\Router->dispatch('GET', '/.well-known/ap...')
#1 {main}[2026-03-31 15:50:48] La page demandée n'existe pas. in /Users/michaelpeltier/Desktop/OpenClassrooms/PROJET_4/TomTroc/App/Core/Router.php:141
#0 /Users/michaelpeltier/Desktop/OpenClassrooms/PROJET_4/TomTroc/index.php(22): App\Core\Router->dispatch('GET', '/.well-known/ap...')
#1 {main}[2026-03-31 15:51:31] La page demandée n'existe pas. in /Users/michaelpeltier/Desktop/OpenClassrooms/PROJET_4/TomTroc/App/Core/Router.php:141
#0 /Users/michaelpeltier/Desktop/OpenClassrooms/PROJET_4/TomTroc/index.php(22): App\Core\Router->dispatch('GET', '/.well-known/ap...')
#1 {main}[2026-03-31 15:53:02] La page demandée n'existe pas. in /Users/michaelpeltier/Desktop/OpenClassrooms/PROJET_4/TomTroc/App/Core/Router.php:141
#0 /Users/michaelpeltier/Desktop/OpenClassrooms/PROJET_4/TomTroc/index.php(22): App\Core\Router->dispatch('GET', '/.well-known/ap...')
#1 {main}[2026-03-31 15:55:47] La page demandée n'existe pas. in /Users/michaelpeltier/Desktop/OpenClassrooms/PROJET_4/TomTroc/App/Core/Router.php:141
#0 /Users/michaelpeltier/Desktop/OpenClassrooms/PROJET_4/TomTroc/index.php(22): App\Core\Router->dispatch('GET', '/.well-known/ap...')
#1 {main}[2026-03-31 15:56:17] La page demandée n'existe pas. in /Users/michaelpeltier/Desktop/OpenClassrooms/PROJET_4/TomTroc/App/Core/Router.php:141
#0 /Users/michaelpeltier/Desktop/OpenClassrooms/PROJET_4/TomTroc/index.php(22): App\Core\Router->dispatch('GET', '/.well-known/ap...')
#1 {main}[2026-03-31 15:58:08] La page demandée n'existe pas. in /Users/michaelpeltier/Desktop/OpenClassrooms/PROJET_4/TomTroc/App/Core/Router.php:141
#0 /Users/michaelpeltier/Desktop/OpenClassrooms/PROJET_4/TomTroc/index.php(22): App\Core\Router->dispatch('GET', '/.well-known/ap...')
#1 {main}[2026-04-01 05:07:01] La page demandée n'existe pas. in /Users/michaelpeltier/Desktop/OpenClassrooms/PROJET_4/TomTroc/App/Core/Router.php:141
#0 /Users/michaelpeltier/Desktop/OpenClassrooms/PROJET_4/TomTroc/index.php(22): App\Core\Router->dispatch('GET', '/.well-known/ap...')
#1 {main}[2026-04-01 05:07:40] La page demandée n'existe pas. in /Users/michaelpeltier/Desktop/OpenClassrooms/PROJET_4/TomTroc/App/Core/Router.php:141
#0 /Users/michaelpeltier/Desktop/OpenClassrooms/PROJET_4/TomTroc/index.php(22): App\Core\Router->dispatch('GET', '/.well-known/ap...')
#1 {main}[2026-04-01 05:13:18] La page demandée n'existe pas. in /Users/michaelpeltier/Desktop/OpenClassrooms/PROJET_4/TomTroc/App/Core/Router.php:141
#0 /Users/michaelpeltier/Desktop/OpenClassrooms/PROJET_4/TomTroc/index.php(22): App\Core\Router->dispatch('GET', '/.well-known/ap...')
#1 {main}[2026-04-01 05:14:25] La page demandée n'existe pas. in /Users/michaelpeltier/Desktop/OpenClassrooms/PROJET_4/TomTroc/App/Core/Router.php:141
#0 /Users/michaelpeltier/Desktop/OpenClassrooms/PROJET_4/TomTroc/index.php(22): App\Core\Router->dispatch('GET', '/.well-known/ap...')
#1 {main}[2026-04-01 05:14:44] La page demandée n'existe pas. in /Users/michaelpeltier/Desktop/OpenClassrooms/PROJET_4/TomTroc/App/Core/Router.php:141
#0 /Users/michaelpeltier/Desktop/OpenClassrooms/PROJET_4/TomTroc/index.php(22): App\Core\Router->dispatch('GET', '/.well-known/ap...')
#1 {main}[2026-04-01 05:14:56] La page demandée n'existe pas. in /Users/michaelpeltier/Desktop/OpenClassrooms/PROJET_4/TomTroc/App/Core/Router.php:141
#0 /Users/michaelpeltier/Desktop/OpenClassrooms/PROJET_4/TomTroc/index.php(22): App\Core\Router->dispatch('GET', '/.well-known/ap...')
#1 {main}[2026-04-01 05:15:17] La page demandée n'existe pas. in /Users/michaelpeltier/Desktop/OpenClassrooms/PROJET_4/TomTroc/App/Core/Router.php:141
#0 /Users/michaelpeltier/Desktop/OpenClassrooms/PROJET_4/TomTroc/index.php(22): App\Core\Router->dispatch('GET', '/.well-known/ap...')
#1 {main}[2026-04-01 05:15:40] La page demandée n'existe pas. in /Users/michaelpeltier/Desktop/OpenClassrooms/PROJET_4/TomTroc/App/Core/Router.php:141
#0 /Users/michaelpeltier/Desktop/OpenClassrooms/PROJET_4/TomTroc/index.php(22): App\Core\Router->dispatch('GET', '/.well-known/ap...')
#1 {main}[2026-04-01 05:16:39] La page demandée n'existe pas. in /Users/michaelpeltier/Desktop/OpenClassrooms/PROJET_4/TomTroc/App/Core/Router.php:141
#0 /Users/michaelpeltier/Desktop/OpenClassrooms/PROJET_4/TomTroc/index.php(22): App\Core\Router->dispatch('GET', '/.well-known/ap...')
#1 {main}[2026-04-01 05:20:47] La page demandée n'existe pas. in /Users/michaelpeltier/Desktop/OpenClassrooms/PROJET_4/TomTroc/App/Core/Router.php:141
#0 /Users/michaelpeltier/Desktop/OpenClassrooms/PROJET_4/TomTroc/index.php(22): App\Core\Router->dispatch('GET', '/.well-known/ap...')
#1 {main}[2026-04-01 05:20:47] La page demandée n'existe pas. in /Users/michaelpeltier/Desktop/OpenClassrooms/PROJET_4/TomTroc/App/Core/Router.php:141
#0 /Users/michaelpeltier/Desktop/OpenClassrooms/PROJET_4/TomTroc/index.php(22): App\Core\Router->dispatch('GET', '/.well-known/ap...')
#1 {main}[2026-04-01 05:21:44] La page demandée n'existe pas. in /Users/michaelpeltier/Desktop/OpenClassrooms/PROJET_4/TomTroc/App/Core/Router.php:141
#0 /Users/michaelpeltier/Desktop/OpenClassrooms/PROJET_4/TomTroc/index.php(22): App\Core\Router->dispatch('GET', '/.well-known/ap...')
#1 {main}[2026-04-01 05:23:14] La page demandée n'existe pas. in /Users/michaelpeltier/Desktop/OpenClassrooms/PROJET_4/TomTroc/App/Core/Router.php:141
#0 /Users/michaelpeltier/Desktop/OpenClassrooms/PROJET_4/TomTroc/index.php(22): App\Core\Router->dispatch('GET', '/.well-known/ap...')
#1 {main}[2026-04-01 05:23:30] La page demandée n'existe pas. in /Users/michaelpeltier/Desktop/OpenClassrooms/PROJET_4/TomTroc/App/Core/Router.php:141
#0 /Users/michaelpeltier/Desktop/OpenClassrooms/PROJET_4/TomTroc/index.php(22): App\Core\Router->dispatch('GET', '/.well-known/ap...')
#1 {main}[2026-04-01 05:23:34] La page demandée n'existe pas. in /Users/michaelpeltier/Desktop/OpenClassrooms/PROJET_4/TomTroc/App/Core/Router.php:141
#0 /Users/michaelpeltier/Desktop/OpenClassrooms/PROJET_4/TomTroc/index.php(22): App\Core\Router->dispatch('GET', '/.well-known/ap...')
#1 {main}[2026-04-01 05:26:15] La page demandée n'existe pas. in /Users/michaelpeltier/Desktop/OpenClassrooms/PROJET_4/TomTroc/App/Core/Router.php:141
#0 /Users/michaelpeltier/Desktop/OpenClassrooms/PROJET_4/TomTroc/index.php(22): App\Core\Router->dispatch('GET', '/.well-known/ap...')
#1 {main}[2026-04-01 05:26:37] La page demandée n'existe pas. in /Users/michaelpeltier/Desktop/OpenClassrooms/PROJET_4/TomTroc/App/Core/Router.php:141
#0 /Users/michaelpeltier/Desktop/OpenClassrooms/PROJET_4/TomTroc/index.php(22): App\Core\Router->dispatch('GET', '/.well-known/ap...')
#1 {main}[2026-04-01 05:26:55] La page demandée n'existe pas. in /Users/michaelpeltier/Desktop/OpenClassrooms/PROJET_4/TomTroc/App/Core/Router.php:141
#0 /Users/michaelpeltier/Desktop/OpenClassrooms/PROJET_4/TomTroc/index.php(22): App\Core\Router->dispatch('GET', '/.well-known/ap...')
#1 {main}[2026-04-01 05:27:12] La page demandée n'existe pas. in /Users/michaelpeltier/Desktop/OpenClassrooms/PROJET_4/TomTroc/App/Core/Router.php:141
#0 /Users/michaelpeltier/Desktop/OpenClassrooms/PROJET_4/TomTroc/index.php(22): App\Core\Router->dispatch('GET', '/.well-known/ap...')
#1 {main}[2026-04-01 05:27:20] La page demandée n'existe pas. in /Users/michaelpeltier/Desktop/OpenClassrooms/PROJET_4/TomTroc/App/Core/Router.php:141
#0 /Users/michaelpeltier/Desktop/OpenClassrooms/PROJET_4/TomTroc/index.php(22): App\Core\Router->dispatch('GET', '/.well-known/ap...')
#1 {main}[2026-04-01 05:27:33] La page demandée n'existe pas. in /Users/michaelpeltier/Desktop/OpenClassrooms/PROJET_4/TomTroc/App/Core/Router.php:141
#0 /Users/michaelpeltier/Desktop/OpenClassrooms/PROJET_4/TomTroc/index.php(22): App\Core\Router->dispatch('GET', '/.well-known/ap...')
#1 {main}[2026-04-01 05:28:07] La page demandée n'existe pas. in /Users/michaelpeltier/Desktop/OpenClassrooms/PROJET_4/TomTroc/App/Core/Router.php:141
#0 /Users/michaelpeltier/Desktop/OpenClassrooms/PROJET_4/TomTroc/index.php(22): App\Core\Router->dispatch('GET', '/.well-known/ap...')
#1 {main}[2026-04-01 05:28:11] La page demandée n'existe pas. in /Users/michaelpeltier/Desktop/OpenClassrooms/PROJET_4/TomTroc/App/Core/Router.php:141
#0 /Users/michaelpeltier/Desktop/OpenClassrooms/PROJET_4/TomTroc/index.php(22): App\Core\Router->dispatch('GET', '/.well-known/ap...')
#1 {main}[2026-04-01 05:28:30] La page demandée n'existe pas. in /Users/michaelpeltier/Desktop/OpenClassrooms/PROJET_4/TomTroc/App/Core/Router.php:141
#0 /Users/michaelpeltier/Desktop/OpenClassrooms/PROJET_4/TomTroc/index.php(22): App\Core\Router->dispatch('GET', '/.well-known/ap...')
#1 {main}[2026-04-01 05:29:05] La page demandée n'existe pas. in /Users/michaelpeltier/Desktop/OpenClassrooms/PROJET_4/TomTroc/App/Core/Router.php:141
#0 /Users/michaelpeltier/Desktop/OpenClassrooms/PROJET_4/TomTroc/index.php(22): App\Core\Router->dispatch('GET', '/.well-known/ap...')
#1 {main}[2026-04-01 05:29:28] La page demandée n'existe pas. in /Users/michaelpeltier/Desktop/OpenClassrooms/PROJET_4/TomTroc/App/Core/Router.php:141
#0 /Users/michaelpeltier/Desktop/OpenClassrooms/PROJET_4/TomTroc/index.php(22): App\Core\Router->dispatch('GET', '/.well-known/ap...')
#1 {main}[2026-04-01 05:29:55] La page demandée n'existe pas. in /Users/michaelpeltier/Desktop/OpenClassrooms/PROJET_4/TomTroc/App/Core/Router.php:141
#0 /Users/michaelpeltier/Desktop/OpenClassrooms/PROJET_4/TomTroc/index.php(22): App\Core\Router->dispatch('GET', '/.well-known/ap...')
#1 {main}[2026-04-01 05:30:24] La page demandée n'existe pas. in /Users/michaelpeltier/Desktop/OpenClassrooms/PROJET_4/TomTroc/App/Core/Router.php:141
#0 /Users/michaelpeltier/Desktop/OpenClassrooms/PROJET_4/TomTroc/index.php(22): App\Core\Router->dispatch('GET', '/.well-known/ap...')
#1 {main}[2026-04-01 05:30:37] La page demandée n'existe pas. in /Users/michaelpeltier/Desktop/OpenClassrooms/PROJET_4/TomTroc/App/Core/Router.php:141
#0 /Users/michaelpeltier/Desktop/OpenClassrooms/PROJET_4/TomTroc/index.php(22): App\Core\Router->dispatch('GET', '/.well-known/ap...')
#1 {main}[2026-04-01 05:30:50] La page demandée n'existe pas. in /Users/michaelpeltier/Desktop/OpenClassrooms/PROJET_4/TomTroc/App/Core/Router.php:141
#0 /Users/michaelpeltier/Desktop/OpenClassrooms/PROJET_4/TomTroc/index.php(22): App\Core\Router->dispatch('GET', '/.well-known/ap...')
#1 {main}[2026-04-01 05:31:03] La page demandée n'existe pas. in /Users/michaelpeltier/Desktop/OpenClassrooms/PROJET_4/TomTroc/App/Core/Router.php:141
#0 /Users/michaelpeltier/Desktop/OpenClassrooms/PROJET_4/TomTroc/index.php(22): App\Core\Router->dispatch('GET', '/.well-known/ap...')
#1 {main}[2026-04-01 05:31:30] La page demandée n'existe pas. in /Users/michaelpeltier/Desktop/OpenClassrooms/PROJET_4/TomTroc/App/Core/Router.php:141
#0 /Users/michaelpeltier/Desktop/OpenClassrooms/PROJET_4/TomTroc/index.php(22): App\Core\Router->dispatch('GET', '/.well-known/ap...')
#1 {main}[2026-04-01 05:31:36] La page demandée n'existe pas. in /Users/michaelpeltier/Desktop/OpenClassrooms/PROJET_4/TomTroc/App/Core/Router.php:141
#0 /Users/michaelpeltier/Desktop/OpenClassrooms/PROJET_4/TomTroc/index.php(22): App\Core\Router->dispatch('GET', '/.well-known/ap...')
#1 {main}[2026-04-01 05:32:19] La page demandée n'existe pas. in /Users/michaelpeltier/Desktop/OpenClassrooms/PROJET_4/TomTroc/App/Core/Router.php:141
#0 /Users/michaelpeltier/Desktop/OpenClassrooms/PROJET_4/TomTroc/index.php(22): App\Core\Router->dispatch('GET', '/.well-known/ap...')
#1 {main}[2026-04-01 05:32:23] La page demandée n'existe pas. in /Users/michaelpeltier/Desktop/OpenClassrooms/PROJET_4/TomTroc/App/Core/Router.php:141
#0 /Users/michaelpeltier/Desktop/OpenClassrooms/PROJET_4/TomTroc/index.php(22): App\Core\Router->dispatch('GET', '/.well-known/ap...')
#1 {main}[2026-04-01 05:32:28] La page demandée n'existe pas. in /Users/michaelpeltier/Desktop/OpenClassrooms/PROJET_4/TomTroc/App/Core/Router.php:141
#0 /Users/michaelpeltier/Desktop/OpenClassrooms/PROJET_4/TomTroc/index.php(22): App\Core\Router->dispatch('GET', '/.well-known/ap...')
#1 {main}[2026-04-01 05:32:30] La page demandée n'existe pas. in /Users/michaelpeltier/Desktop/OpenClassrooms/PROJET_4/TomTroc/App/Core/Router.php:141
#0 /Users/michaelpeltier/Desktop/OpenClassrooms/PROJET_4/TomTroc/index.php(22): App\Core\Router->dispatch('GET', '/.well-known/ap...')
#1 {main}[2026-04-01 05:37:00] La page demandée n'existe pas. in /Users/michaelpeltier/Desktop/OpenClassrooms/PROJET_4/TomTroc/App/Core/Router.php:141
#0 /Users/michaelpeltier/Desktop/OpenClassrooms/PROJET_4/TomTroc/index.php(22): App\Core\Router->dispatch('GET', '/.well-known/ap...')
#1 {main}[2026-04-01 05:37:34] La page demandée n'existe pas. in /Users/michaelpeltier/Desktop/OpenClassrooms/PROJET_4/TomTroc/App/Core/Router.php:141
#0 /Users/michaelpeltier/Desktop/OpenClassrooms/PROJET_4/TomTroc/index.php(22): App\Core\Router->dispatch('GET', '/.well-known/ap...')
#1 {main}[2026-04-01 05:38:17] La page demandée n'existe pas. in /Users/michaelpeltier/Desktop/OpenClassrooms/PROJET_4/TomTroc/App/Core/Router.php:141
#0 /Users/michaelpeltier/Desktop/OpenClassrooms/PROJET_4/TomTroc/index.php(22): App\Core\Router->dispatch('GET', '/.well-known/ap...')
#1 {main}[2026-04-01 05:38:31] La page demandée n'existe pas. in /Users/michaelpeltier/Desktop/OpenClassrooms/PROJET_4/TomTroc/App/Core/Router.php:141
#0 /Users/michaelpeltier/Desktop/OpenClassrooms/PROJET_4/TomTroc/index.php(22): App\Core\Router->dispatch('GET', '/.well-known/ap...')
#1 {main}[2026-04-01 05:42:51] La page demandée n'existe pas. in /Users/michaelpeltier/Desktop/OpenClassrooms/PROJET_4/TomTroc/App/Core/Router.php:141
#0 /Users/michaelpeltier/Desktop/OpenClassrooms/PROJET_4/TomTroc/index.php(22): App\Core\Router->dispatch('GET', '/.well-known/ap...')
#1 {main}[2026-04-01 05:43:00] La page demandée n'existe pas. in /Users/michaelpeltier/Desktop/OpenClassrooms/PROJET_4/TomTroc/App/Core/Router.php:141
#0 /Users/michaelpeltier/Desktop/OpenClassrooms/PROJET_4/TomTroc/index.php(22): App\Core\Router->dispatch('GET', '/.well-known/ap...')
#1 {main}[2026-04-01 05:44:20] La page demandée n'existe pas. in /Users/michaelpeltier/Desktop/OpenClassrooms/PROJET_4/TomTroc/App/Core/Router.php:141
#0 /Users/michaelpeltier/Desktop/OpenClassrooms/PROJET_4/TomTroc/index.php(22): App\Core\Router->dispatch('GET', '/.well-known/ap...')
#1 {main}[2026-04-01 05:45:17] La page demandée n'existe pas. in /Users/michaelpeltier/Desktop/OpenClassrooms/PROJET_4/TomTroc/App/Core/Router.php:141
#0 /Users/michaelpeltier/Desktop/OpenClassrooms/PROJET_4/TomTroc/index.php(22): App\Core\Router->dispatch('GET', '/.well-known/ap...')
#1 {main}[2026-04-01 05:46:20] La page demandée n'existe pas. in /Users/michaelpeltier/Desktop/OpenClassrooms/PROJET_4/TomTroc/App/Core/Router.php:141
#0 /Users/michaelpeltier/Desktop/OpenClassrooms/PROJET_4/TomTroc/index.php(22): App\Core\Router->dispatch('GET', '/.well-known/ap...')
#1 {main}[2026-04-01 05:46:44] La page demandée n'existe pas. in /Users/michaelpeltier/Desktop/OpenClassrooms/PROJET_4/TomTroc/App/Core/Router.php:141
#0 /Users/michaelpeltier/Desktop/OpenClassrooms/PROJET_4/TomTroc/index.php(22): App\Core\Router->dispatch('GET', '/.well-known/ap...')
#1 {main}[2026-04-01 05:47:27] La page demandée n'existe pas. in /Users/michaelpeltier/Desktop/OpenClassrooms/PROJET_4/TomTroc/App/Core/Router.php:141
#0 /Users/michaelpeltier/Desktop/OpenClassrooms/PROJET_4/TomTroc/index.php(22): App\Core\Router->dispatch('GET', '/.well-known/ap...')
#1 {main}[2026-04-01 05:51:09] La page demandée n'existe pas. in /Users/michaelpeltier/Desktop/OpenClassrooms/PROJET_4/TomTroc/App/Core/Router.php:141
#0 /Users/michaelpeltier/Desktop/OpenClassrooms/PROJET_4/TomTroc/index.php(22): App\Core\Router->dispatch('GET', '/.well-known/ap...')
#1 {main}[2026-04-01 05:51:20] La page demandée n'existe pas. in /Users/michaelpeltier/Desktop/OpenClassrooms/PROJET_4/TomTroc/App/Core/Router.php:141
#0 /Users/michaelpeltier/Desktop/OpenClassrooms/PROJET_4/TomTroc/index.php(22): App\Core\Router->dispatch('GET', '/.well-known/ap...')
#1 {main}[2026-04-01 05:51:34] La page demandée n'existe pas. in /Users/michaelpeltier/Desktop/OpenClassrooms/PROJET_4/TomTroc/App/Core/Router.php:141
#0 /Users/michaelpeltier/Desktop/OpenClassrooms/PROJET_4/TomTroc/index.php(22): App\Core\Router->dispatch('GET', '/.well-known/ap...')
#1 {main}[2026-04-01 05:52:58] La page demandée n'existe pas. in /Users/michaelpeltier/Desktop/OpenClassrooms/PROJET_4/TomTroc/App/Core/Router.php:141
#0 /Users/michaelpeltier/Desktop/OpenClassrooms/PROJET_4/TomTroc/index.php(22): App\Core\Router->dispatch('GET', '/.well-known/ap...')
#1 {main}[2026-04-01 05:54:08] La page demandée n'existe pas. in /Users/michaelpeltier/Desktop/OpenClassrooms/PROJET_4/TomTroc/App/Core/Router.php:141
#0 /Users/michaelpeltier/Desktop/OpenClassrooms/PROJET_4/TomTroc/index.php(22): App\Core\Router->dispatch('GET', '/.well-known/ap...')
#1 {main}[2026-04-01 06:01:53] La page demandée n'existe pas. in /Users/michaelpeltier/Desktop/OpenClassrooms/PROJET_4/TomTroc/App/Core/Router.php:141
#0 /Users/michaelpeltier/Desktop/OpenClassrooms/PROJET_4/TomTroc/index.php(22): App\Core\Router->dispatch('GET', '/.well-known/ap...')
#1 {main}[2026-04-01 06:06:50] La page demandée n'existe pas. in /Users/michaelpeltier/Desktop/OpenClassrooms/PROJET_4/TomTroc/App/Core/Router.php:141
#0 /Users/michaelpeltier/Desktop/OpenClassrooms/PROJET_4/TomTroc/index.php(22): App\Core\Router->dispatch('GET', '/.well-known/ap...')
#1 {main}[2026-04-01 06:06:56] La page demandée n'existe pas. in /Users/michaelpeltier/Desktop/OpenClassrooms/PROJET_4/TomTroc/App/Core/Router.php:141
#0 /Users/michaelpeltier/Desktop/OpenClassrooms/PROJET_4/TomTroc/index.php(22): App\Core\Router->dispatch('GET', '/.well-known/ap...')
#1 {main}[2026-04-01 06:07:23] La page demandée n'existe pas. in /Users/michaelpeltier/Desktop/OpenClassrooms/PROJET_4/TomTroc/App/Core/Router.php:141
#0 /Users/michaelpeltier/Desktop/OpenClassrooms/PROJET_4/TomTroc/index.php(22): App\Core\Router->dispatch('GET', '/.well-known/ap...')
#1 {main}[2026-04-01 06:07:55] La page demandée n'existe pas. in /Users/michaelpeltier/Desktop/OpenClassrooms/PROJET_4/TomTroc/App/Core/Router.php:141
#0 /Users/michaelpeltier/Desktop/OpenClassrooms/PROJET_4/TomTroc/index.php(22): App\Core\Router->dispatch('GET', '/.well-known/ap...')
#1 {main}[2026-04-01 06:08:19] La page demandée n'existe pas. in /Users/michaelpeltier/Desktop/OpenClassrooms/PROJET_4/TomTroc/App/Core/Router.php:141
#0 /Users/michaelpeltier/Desktop/OpenClassrooms/PROJET_4/TomTroc/index.php(22): App\Core\Router->dispatch('GET', '/.well-known/ap...')
#1 {main}[2026-04-01 06:09:53] La page demandée n'existe pas. in /Users/michaelpeltier/Desktop/OpenClassrooms/PROJET_4/TomTroc/App/Core/Router.php:141
#0 /Users/michaelpeltier/Desktop/OpenClassrooms/PROJET_4/TomTroc/index.php(22): App\Core\Router->dispatch('GET', '/.well-known/ap...')
#1 {main}[2026-04-01 06:10:23] La page demandée n'existe pas. in /Users/michaelpeltier/Desktop/OpenClassrooms/PROJET_4/TomTroc/App/Core/Router.php:141
#0 /Users/michaelpeltier/Desktop/OpenClassrooms/PROJET_4/TomTroc/index.php(22): App\Core\Router->dispatch('GET', '/.well-known/ap...')
#1 {main}[2026-04-01 06:11:45] La page demandée n'existe pas. in /Users/michaelpeltier/Desktop/OpenClassrooms/PROJET_4/TomTroc/App/Core/Router.php:141
#0 /Users/michaelpeltier/Desktop/OpenClassrooms/PROJET_4/TomTroc/index.php(22): App\Core\Router->dispatch('GET', '/.well-known/ap...')
#1 {main}[2026-04-01 06:12:38] La page demandée n'existe pas. in /Users/michaelpeltier/Desktop/OpenClassrooms/PROJET_4/TomTroc/App/Core/Router.php:141
#0 /Users/michaelpeltier/Desktop/OpenClassrooms/PROJET_4/TomTroc/index.php(22): App\Core\Router->dispatch('GET', '/.well-known/ap...')
#1 {main}[2026-04-01 06:13:47] La page demandée n'existe pas. in /Users/michaelpeltier/Desktop/OpenClassrooms/PROJET_4/TomTroc/App/Core/Router.php:141
#0 /Users/michaelpeltier/Desktop/OpenClassrooms/PROJET_4/TomTroc/index.php(22): App\Core\Router->dispatch('GET', '/.well-known/ap...')
#1 {main}[2026-04-01 06:15:10] La page demandée n'existe pas. in /Users/michaelpeltier/Desktop/OpenClassrooms/PROJET_4/TomTroc/App/Core/Router.php:141
#0 /Users/michaelpeltier/Desktop/OpenClassrooms/PROJET_4/TomTroc/index.php(22): App\Core\Router->dispatch('GET', '/.well-known/ap...')
#1 {main}[2026-04-01 06:15:16] La page demandée n'existe pas. in /Users/michaelpeltier/Desktop/OpenClassrooms/PROJET_4/TomTroc/App/Core/Router.php:141
#0 /Users/michaelpeltier/Desktop/OpenClassrooms/PROJET_4/TomTroc/index.php(22): App\Core\Router->dispatch('GET', '/.well-known/ap...')
#1 {main}[2026-04-01 06:16:00] La page demandée n'existe pas. in /Users/michaelpeltier/Desktop/OpenClassrooms/PROJET_4/TomTroc/App/Core/Router.php:141
#0 /Users/michaelpeltier/Desktop/OpenClassrooms/PROJET_4/TomTroc/index.php(22): App\Core\Router->dispatch('GET', '/.well-known/ap...')
#1 {main}[2026-04-01 06:16:11] La page demandée n'existe pas. in /Users/michaelpeltier/Desktop/OpenClassrooms/PROJET_4/TomTroc/App/Core/Router.php:141
#0 /Users/michaelpeltier/Desktop/OpenClassrooms/PROJET_4/TomTroc/index.php(22): App\Core\Router->dispatch('GET', '/.well-known/ap...')
#1 {main}[2026-04-01 06:16:51] La page demandée n'existe pas. in /Users/michaelpeltier/Desktop/OpenClassrooms/PROJET_4/TomTroc/App/Core/Router.php:141
#0 /Users/michaelpeltier/Desktop/OpenClassrooms/PROJET_4/TomTroc/index.php(22): App\Core\Router->dispatch('GET', '/.well-known/ap...')
#1 {main}[2026-04-01 06:17:15] La page demandée n'existe pas. in /Users/michaelpeltier/Desktop/OpenClassrooms/PROJET_4/TomTroc/App/Core/Router.php:141
#0 /Users/michaelpeltier/Desktop/OpenClassrooms/PROJET_4/TomTroc/index.php(22): App\Core\Router->dispatch('GET', '/.well-known/ap...')
#1 {main}[2026-04-01 06:19:02] La page demandée n'existe pas. in /Users/michaelpeltier/Desktop/OpenClassrooms/PROJET_4/TomTroc/App/Core/Router.php:141
#0 /Users/michaelpeltier/Desktop/OpenClassrooms/PROJET_4/TomTroc/index.php(22): App\Core\Router->dispatch('GET', '/.well-known/ap...')
#1 {main}[2026-04-01 06:20:00] La page demandée n'existe pas. in /Users/michaelpeltier/Desktop/OpenClassrooms/PROJET_4/TomTroc/App/Core/Router.php:141
#0 /Users/michaelpeltier/Desktop/OpenClassrooms/PROJET_4/TomTroc/index.php(22): App\Core\Router->dispatch('GET', '/.well-known/ap...')
#1 {main}[2026-04-01 06:20:33] La page demandée n'existe pas. in /Users/michaelpeltier/Desktop/OpenClassrooms/PROJET_4/TomTroc/App/Core/Router.php:141
#0 /Users/michaelpeltier/Desktop/OpenClassrooms/PROJET_4/TomTroc/index.php(22): App\Core\Router->dispatch('GET', '/.well-known/ap...')
#1 {main}[2026-04-01 06:20:59] La page demandée n'existe pas. in /Users/michaelpeltier/Desktop/OpenClassrooms/PROJET_4/TomTroc/App/Core/Router.php:141
#0 /Users/michaelpeltier/Desktop/OpenClassrooms/PROJET_4/TomTroc/index.php(22): App\Core\Router->dispatch('GET', '/.well-known/ap...')
#1 {main}[2026-04-01 06:21:34] La page demandée n'existe pas. in /Users/michaelpeltier/Desktop/OpenClassrooms/PROJET_4/TomTroc/App/Core/Router.php:141
#0 /Users/michaelpeltier/Desktop/OpenClassrooms/PROJET_4/TomTroc/index.php(22): App\Core\Router->dispatch('GET', '/.well-known/ap...')
#1 {main}[2026-04-01 06:22:01] La page demandée n'existe pas. in /Users/michaelpeltier/Desktop/OpenClassrooms/PROJET_4/TomTroc/App/Core/Router.php:141
#0 /Users/michaelpeltier/Desktop/OpenClassrooms/PROJET_4/TomTroc/index.php(22): App\Core\Router->dispatch('GET', '/.well-known/ap...')
#1 {main}[2026-04-01 06:22:21] La page demandée n'existe pas. in /Users/michaelpeltier/Desktop/OpenClassrooms/PROJET_4/TomTroc/App/Core/Router.php:141
#0 /Users/michaelpeltier/Desktop/OpenClassrooms/PROJET_4/TomTroc/index.php(22): App\Core\Router->dispatch('GET', '/.well-known/ap...')
#1 {main}[2026-04-01 06:24:58] La page demandée n'existe pas. in /Users/michaelpeltier/Desktop/OpenClassrooms/PROJET_4/TomTroc/App/Core/Router.php:141
#0 /Users/michaelpeltier/Desktop/OpenClassrooms/PROJET_4/TomTroc/index.php(22): App\Core\Router->dispatch('GET', '/.well-known/ap...')
#1 {main}[2026-04-01 06:25:20] La page demandée n'existe pas. in /Users/michaelpeltier/Desktop/OpenClassrooms/PROJET_4/TomTroc/App/Core/Router.php:141
#0 /Users/michaelpeltier/Desktop/OpenClassrooms/PROJET_4/TomTroc/index.php(22): App\Core\Router->dispatch('GET', '/.well-known/ap...')
#1 {main}[2026-04-01 06:25:41] La page demandée n'existe pas. in /Users/michaelpeltier/Desktop/OpenClassrooms/PROJET_4/TomTroc/App/Core/Router.php:141
#0 /Users/michaelpeltier/Desktop/OpenClassrooms/PROJET_4/TomTroc/index.php(22): App\Core\Router->dispatch('GET', '/.well-known/ap...')
#1 {main}[2026-04-01 06:25:58] La page demandée n'existe pas. in /Users/michaelpeltier/Desktop/OpenClassrooms/PROJET_4/TomTroc/App/Core/Router.php:141
#0 /Users/michaelpeltier/Desktop/OpenClassrooms/PROJET_4/TomTroc/index.php(22): App\Core\Router->dispatch('GET', '/.well-known/ap...')
#1 {main}[2026-04-01 06:27:31] La page demandée n'existe pas. in /Users/michaelpeltier/Desktop/OpenClassrooms/PROJET_4/TomTroc/App/Core/Router.php:141
#0 /Users/michaelpeltier/Desktop/OpenClassrooms/PROJET_4/TomTroc/index.php(22): App\Core\Router->dispatch('GET', '/.well-known/ap...')
#1 {main}[2026-04-01 06:28:39] La page demandée n'existe pas. in /Users/michaelpeltier/Desktop/OpenClassrooms/PROJET_4/TomTroc/App/Core/Router.php:141
#0 /Users/michaelpeltier/Desktop/OpenClassrooms/PROJET_4/TomTroc/index.php(22): App\Core\Router->dispatch('GET', '/.well-known/ap...')
#1 {main}[2026-04-01 06:29:16] La page demandée n'existe pas. in /Users/michaelpeltier/Desktop/OpenClassrooms/PROJET_4/TomTroc/App/Core/Router.php:141
#0 /Users/michaelpeltier/Desktop/OpenClassrooms/PROJET_4/TomTroc/index.php(22): App\Core\Router->dispatch('GET', '/.well-known/ap...')
#1 {main}[2026-04-01 06:29:30] La page demandée n'existe pas. in /Users/michaelpeltier/Desktop/OpenClassrooms/PROJET_4/TomTroc/App/Core/Router.php:141
#0 /Users/michaelpeltier/Desktop/OpenClassrooms/PROJET_4/TomTroc/index.php(22): App\Core\Router->dispatch('GET', '/.well-known/ap...')
#1 {main}[2026-04-01 06:29:38] La page demandée n'existe pas. in /Users/michaelpeltier/Desktop/OpenClassrooms/PROJET_4/TomTroc/App/Core/Router.php:141
#0 /Users/michaelpeltier/Desktop/OpenClassrooms/PROJET_4/TomTroc/index.php(22): App\Core\Router->dispatch('GET', '/.well-known/ap...')
#1 {main}[2026-04-01 06:29:47] La page demandée n'existe pas. in /Users/michaelpeltier/Desktop/OpenClassrooms/PROJET_4/TomTroc/App/Core/Router.php:141
#0 /Users/michaelpeltier/Desktop/OpenClassrooms/PROJET_4/TomTroc/index.php(22): App\Core\Router->dispatch('GET', '/.well-known/ap...')
#1 {main}[2026-04-01 10:17:04] La page demandée n'existe pas. in /Users/michaelpeltier/Desktop/OpenClassrooms/PROJET_4/TomTroc/App/Core/Router.php:141
#0 /Users/michaelpeltier/Desktop/OpenClassrooms/PROJET_4/TomTroc/index.php(22): App\Core\Router->dispatch('GET', '/.well-known/ap...')
#1 {main}[2026-04-01 10:17:16] La page demandée n'existe pas. in /Users/michaelpeltier/Desktop/OpenClassrooms/PROJET_4/TomTroc/App/Core/Router.php:141
#0 /Users/michaelpeltier/Desktop/OpenClassrooms/PROJET_4/TomTroc/index.php(22): App\Core\Router->dispatch('GET', '/.well-known/ap...')
#1 {main}[2026-04-01 10:17:20] La page demandée n'existe pas. in /Users/michaelpeltier/Desktop/OpenClassrooms/PROJET_4/TomTroc/App/Core/Router.php:141
#0 /Users/michaelpeltier/Desktop/OpenClassrooms/PROJET_4/TomTroc/index.php(22): App\Core\Router->dispatch('GET', '/.well-known/ap...')
#1 {main}[2026-04-01 10:17:29] La page demandée n'existe pas. in /Users/michaelpeltier/Desktop/OpenClassrooms/PROJET_4/TomTroc/App/Core/Router.php:141
#0 /Users/michaelpeltier/Desktop/OpenClassrooms/PROJET_4/TomTroc/index.php(22): App\Core\Router->dispatch('GET', '/.well-known/ap...')
#1 {main}[2026-04-01 10:17:32] La page demandée n'existe pas. in /Users/michaelpeltier/Desktop/OpenClassrooms/PROJET_4/TomTroc/App/Core/Router.php:141
#0 /Users/michaelpeltier/Desktop/OpenClassrooms/PROJET_4/TomTroc/index.php(22): App\Core\Router->dispatch('GET', '/.well-known/ap...')
#1 {main}[2026-04-01 10:17:34] La page demandée n'existe pas. in /Users/michaelpeltier/Desktop/OpenClassrooms/PROJET_4/TomTroc/App/Core/Router.php:141
#0 /Users/michaelpeltier/Desktop/OpenClassrooms/PROJET_4/TomTroc/index.php(22): App\Core\Router->dispatch('GET', '/.well-known/ap...')
#1 {main}[2026-04-01 10:17:42] La page demandée n'existe pas. in /Users/michaelpeltier/Desktop/OpenClassrooms/PROJET_4/TomTroc/App/Core/Router.php:141
#0 /Users/michaelpeltier/Desktop/OpenClassrooms/PROJET_4/TomTroc/index.php(22): App\Core\Router->dispatch('GET', '/.well-known/ap...')
#1 {main}[2026-04-01 10:17:51] La page demandée n'existe pas. in /Users/michaelpeltier/Desktop/OpenClassrooms/PROJET_4/TomTroc/App/Core/Router.php:141
#0 /Users/michaelpeltier/Desktop/OpenClassrooms/PROJET_4/TomTroc/index.php(22): App\Core\Router->dispatch('GET', '/.well-known/ap...')
#1 {main}[2026-04-01 10:18:00] La page demandée n'existe pas. in /Users/michaelpeltier/Desktop/OpenClassrooms/PROJET_4/TomTroc/App/Core/Router.php:141
#0 /Users/michaelpeltier/Desktop/OpenClassrooms/PROJET_4/TomTroc/index.php(22): App\Core\Router->dispatch('GET', '/.well-known/ap...')
#1 {main}[2026-04-01 10:18:04] La page demandée n'existe pas. in /Users/michaelpeltier/Desktop/OpenClassrooms/PROJET_4/TomTroc/App/Core/Router.php:141
#0 /Users/michaelpeltier/Desktop/OpenClassrooms/PROJET_4/TomTroc/index.php(22): App\Core\Router->dispatch('GET', '/.well-known/ap...')
#1 {main}[2026-04-01 10:18:07] La page demandée n'existe pas. in /Users/michaelpeltier/Desktop/OpenClassrooms/PROJET_4/TomTroc/App/Core/Router.php:141
#0 /Users/michaelpeltier/Desktop/OpenClassrooms/PROJET_4/TomTroc/index.php(22): App\Core\Router->dispatch('GET', '/.well-known/ap...')
#1 {main}[2026-04-01 10:18:12] La page demandée n'existe pas. in /Users/michaelpeltier/Desktop/OpenClassrooms/PROJET_4/TomTroc/App/Core/Router.php:141
#0 /Users/michaelpeltier/Desktop/OpenClassrooms/PROJET_4/TomTroc/index.php(22): App\Core\Router->dispatch('GET', '/.well-known/ap...')
#1 {main}[2026-04-01 10:18:22] La page demandée n'existe pas. in /Users/michaelpeltier/Desktop/OpenClassrooms/PROJET_4/TomTroc/App/Core/Router.php:141
#0 /Users/michaelpeltier/Desktop/OpenClassrooms/PROJET_4/TomTroc/index.php(22): App\Core\Router->dispatch('GET', '/.well-known/ap...')
#1 {main}[2026-04-01 10:18:24] La page demandée n'existe pas. in /Users/michaelpeltier/Desktop/OpenClassrooms/PROJET_4/TomTroc/App/Core/Router.php:141
#0 /Users/michaelpeltier/Desktop/OpenClassrooms/PROJET_4/TomTroc/index.php(22): App\Core\Router->dispatch('GET', '/.well-known/ap...')
#1 {main}[2026-04-01 10:18:30] La page demandée n'existe pas. in /Users/michaelpeltier/Desktop/OpenClassrooms/PROJET_4/TomTroc/App/Core/Router.php:141
#0 /Users/michaelpeltier/Desktop/OpenClassrooms/PROJET_4/TomTroc/index.php(22): App\Core\Router->dispatch('GET', '/.well-known/ap...')
#1 {main}[2026-04-01 10:18:32] La page demandée n'existe pas. in /Users/michaelpeltier/Desktop/OpenClassrooms/PROJET_4/TomTroc/App/Core/Router.php:141
#0 /Users/michaelpeltier/Desktop/OpenClassrooms/PROJET_4/TomTroc/index.php(22): App\Core\Router->dispatch('GET', '/.well-known/ap...')
#1 {main}[2026-04-01 10:18:35] La page demandée n'existe pas. in /Users/michaelpeltier/Desktop/OpenClassrooms/PROJET_4/TomTroc/App/Core/Router.php:141
#0 /Users/michaelpeltier/Desktop/OpenClassrooms/PROJET_4/TomTroc/index.php(22): App\Core\Router->dispatch('GET', '/.well-known/ap...')
#1 {main}[2026-04-01 10:18:48] La page demandée n'existe pas. in /Users/michaelpeltier/Desktop/OpenClassrooms/PROJET_4/TomTroc/App/Core/Router.php:141
#0 /Users/michaelpeltier/Desktop/OpenClassrooms/PROJET_4/TomTroc/index.php(22): App\Core\Router->dispatch('GET', '/.well-known/ap...')
#1 {main}[2026-04-01 10:18:50] La page demandée n'existe pas. in /Users/michaelpeltier/Desktop/OpenClassrooms/PROJET_4/TomTroc/App/Core/Router.php:141
#0 /Users/michaelpeltier/Desktop/OpenClassrooms/PROJET_4/TomTroc/index.php(22): App\Core\Router->dispatch('GET', '/.well-known/ap...')
#1 {main}[2026-04-01 10:18:53] La page demandée n'existe pas. in /Users/michaelpeltier/Desktop/OpenClassrooms/PROJET_4/TomTroc/App/Core/Router.php:141
#0 /Users/michaelpeltier/Desktop/OpenClassrooms/PROJET_4/TomTroc/index.php(22): App\Core\Router->dispatch('GET', '/.well-known/ap...')
#1 {main}[2026-04-01 10:18:54] La page demandée n'existe pas. in /Users/michaelpeltier/Desktop/OpenClassrooms/PROJET_4/TomTroc/App/Core/Router.php:141
#0 /Users/michaelpeltier/Desktop/OpenClassrooms/PROJET_4/TomTroc/index.php(22): App\Core\Router->dispatch('GET', '/.well-known/ap...')
#1 {main}[2026-04-01 10:19:02] La page demandée n'existe pas. in /Users/michaelpeltier/Desktop/OpenClassrooms/PROJET_4/TomTroc/App/Core/Router.php:141
#0 /Users/michaelpeltier/Desktop/OpenClassrooms/PROJET_4/TomTroc/index.php(22): App\Core\Router->dispatch('GET', '/.well-known/ap...')
#1 {main}[2026-04-01 10:19:03] La page demandée n'existe pas. in /Users/michaelpeltier/Desktop/OpenClassrooms/PROJET_4/TomTroc/App/Core/Router.php:141
#0 /Users/michaelpeltier/Desktop/OpenClassrooms/PROJET_4/TomTroc/index.php(22): App\Core\Router->dispatch('GET', '/.well-known/ap...')
#1 {main}[2026-04-01 10:19:04] La page demandée n'existe pas. in /Users/michaelpeltier/Desktop/OpenClassrooms/PROJET_4/TomTroc/App/Core/Router.php:141
#0 /Users/michaelpeltier/Desktop/OpenClassrooms/PROJET_4/TomTroc/index.php(22): App\Core\Router->dispatch('GET', '/.well-known/ap...')
#1 {main}[2026-04-01 10:19:14] La page demandée n'existe pas. in /Users/michaelpeltier/Desktop/OpenClassrooms/PROJET_4/TomTroc/App/Core/Router.php:141
#0 /Users/michaelpeltier/Desktop/OpenClassrooms/PROJET_4/TomTroc/index.php(22): App\Core\Router->dispatch('GET', '/.well-known/ap...')
#1 {main}[2026-04-01 10:19:18] La page demandée n'existe pas. in /Users/michaelpeltier/Desktop/OpenClassrooms/PROJET_4/TomTroc/App/Core/Router.php:141
#0 /Users/michaelpeltier/Desktop/OpenClassrooms/PROJET_4/TomTroc/index.php(22): App\Core\Router->dispatch('GET', '/.well-known/ap...')
#1 {main}[2026-04-01 10:19:35] La page demandée n'existe pas. in /Users/michaelpeltier/Desktop/OpenClassrooms/PROJET_4/TomTroc/App/Core/Router.php:141
#0 /Users/michaelpeltier/Desktop/OpenClassrooms/PROJET_4/TomTroc/index.php(22): App\Core\Router->dispatch('GET', '/.well-known/ap...')
#1 {main}[2026-04-01 10:19:36] La page demandée n'existe pas. in /Users/michaelpeltier/Desktop/OpenClassrooms/PROJET_4/TomTroc/App/Core/Router.php:141
#0 /Users/michaelpeltier/Desktop/OpenClassrooms/PROJET_4/TomTroc/index.php(22): App\Core\Router->dispatch('GET', '/.well-known/ap...')
#1 {main}[2026-04-01 10:19:38] La page demandée n'existe pas. in /Users/michaelpeltier/Desktop/OpenClassrooms/PROJET_4/TomTroc/App/Core/Router.php:141
#0 /Users/michaelpeltier/Desktop/OpenClassrooms/PROJET_4/TomTroc/index.php(22): App\Core\Router->dispatch('GET', '/.well-known/ap...')
#1 {main}[2026-04-01 10:19:43] Livre introuvable in /Users/michaelpeltier/Desktop/OpenClassrooms/PROJET_4/TomTroc/App/Controllers/BooksController.php:75
#0 /Users/michaelpeltier/Desktop/OpenClassrooms/PROJET_4/TomTroc/App/Core/Router.php(136): App\Controllers\BooksController->showBook('34')
#1 /Users/michaelpeltier/Desktop/OpenClassrooms/PROJET_4/TomTroc/index.php(22): App\Core\Router->dispatch('GET', '/book/34')
#2 {main}[2026-04-01 10:19:43] La page demandée n'existe pas. in /Users/michaelpeltier/Desktop/OpenClassrooms/PROJET_4/TomTroc/App/Core/Router.php:141
#0 /Users/michaelpeltier/Desktop/OpenClassrooms/PROJET_4/TomTroc/index.php(22): App\Core\Router->dispatch('GET', '/.well-known/ap...')
#1 {main}[2026-04-01 10:19:45] La page demandée n'existe pas. in /Users/michaelpeltier/Desktop/OpenClassrooms/PROJET_4/TomTroc/App/Core/Router.php:141
#0 /Users/michaelpeltier/Desktop/OpenClassrooms/PROJET_4/TomTroc/index.php(22): App\Core\Router->dispatch('GET', '/.well-known/ap...')
#1 {main}[2026-04-01 11:09:39] La page demandée n'existe pas. in /Users/michaelpeltier/Desktop/OpenClassrooms/PROJET_4/TomTroc/App/Core/Router.php:141
#0 /Users/michaelpeltier/Desktop/OpenClassrooms/PROJET_4/TomTroc/index.php(22): App\Core\Router->dispatch('GET', '/.well-known/ap...')
#1 {main}[2026-04-01 11:09:58] La page demandée n'existe pas. in /Users/michaelpeltier/Desktop/OpenClassrooms/PROJET_4/TomTroc/App/Core/Router.php:141
#0 /Users/michaelpeltier/Desktop/OpenClassrooms/PROJET_4/TomTroc/index.php(22): App\Core\Router->dispatch('GET', '/.well-known/ap...')
#1 {main}[2026-04-01 11:13:25] La page demandée n'existe pas. in /Users/michaelpeltier/Desktop/OpenClassrooms/PROJET_4/TomTroc/App/Core/Router.php:141
#0 /Users/michaelpeltier/Desktop/OpenClassrooms/PROJET_4/TomTroc/index.php(22): App\Core\Router->dispatch('GET', '/.well-known/ap...')
#1 {main}[2026-04-01 11:13:51] La page demandée n'existe pas. in /Users/michaelpeltier/Desktop/OpenClassrooms/PROJET_4/TomTroc/App/Core/Router.php:141
#0 /Users/michaelpeltier/Desktop/OpenClassrooms/PROJET_4/TomTroc/index.php(22): App\Core\Router->dispatch('GET', '/.well-known/ap...')
#1 {main}[2026-04-01 11:13:56] La page demandée n'existe pas. in /Users/michaelpeltier/Desktop/OpenClassrooms/PROJET_4/TomTroc/App/Core/Router.php:141
#0 /Users/michaelpeltier/Desktop/OpenClassrooms/PROJET_4/TomTroc/index.php(22): App\Core\Router->dispatch('GET', '/.well-known/ap...')
#1 {main}[2026-04-01 11:14:39] La page demandée n'existe pas. in /Users/michaelpeltier/Desktop/OpenClassrooms/PROJET_4/TomTroc/App/Core/Router.php:141
#0 /Users/michaelpeltier/Desktop/OpenClassrooms/PROJET_4/TomTroc/index.php(22): App\Core\Router->dispatch('GET', '/.well-known/ap...')
#1 {main}[2026-04-01 11:15:55] La page demandée n'existe pas. in /Users/michaelpeltier/Desktop/OpenClassrooms/PROJET_4/TomTroc/App/Core/Router.php:141
#0 /Users/michaelpeltier/Desktop/OpenClassrooms/PROJET_4/TomTroc/index.php(22): App\Core\Router->dispatch('GET', '/.well-known/ap...')
#1 {main}[2026-04-01 11:15:57] La page demandée n'existe pas. in /Users/michaelpeltier/Desktop/OpenClassrooms/PROJET_4/TomTroc/App/Core/Router.php:141
#0 /Users/michaelpeltier/Desktop/OpenClassrooms/PROJET_4/TomTroc/index.php(22): App\Core\Router->dispatch('GET', '/.well-known/ap...')
#1 {main}[2026-04-01 11:15:57] La page demandée n'existe pas. in /Users/michaelpeltier/Desktop/OpenClassrooms/PROJET_4/TomTroc/App/Core/Router.php:141
#0 /Users/michaelpeltier/Desktop/OpenClassrooms/PROJET_4/TomTroc/index.php(22): App\Core\Router->dispatch('GET', '/.well-known/ap...')
#1 {main}[2026-04-01 11:16:18] La page demandée n'existe pas. in /Users/michaelpeltier/Desktop/OpenClassrooms/PROJET_4/TomTroc/App/Core/Router.php:141
#0 /Users/michaelpeltier/Desktop/OpenClassrooms/PROJET_4/TomTroc/index.php(22): App\Core\Router->dispatch('GET', '/.well-known/ap...')
#1 {main}[2026-04-01 11:17:08] La page demandée n'existe pas. in /Users/michaelpeltier/Desktop/OpenClassrooms/PROJET_4/TomTroc/App/Core/Router.php:141
#0 /Users/michaelpeltier/Desktop/OpenClassrooms/PROJET_4/TomTroc/index.php(22): App\Core\Router->dispatch('GET', '/.well-known/ap...')
#1 {main}[2026-04-01 11:17:55] La page demandée n'existe pas. in /Users/michaelpeltier/Desktop/OpenClassrooms/PROJET_4/TomTroc/App/Core/Router.php:141
#0 /Users/michaelpeltier/Desktop/OpenClassrooms/PROJET_4/TomTroc/index.php(22): App\Core\Router->dispatch('GET', '/.well-known/ap...')
#1 {main}[2026-04-01 11:18:52] La page demandée n'existe pas. in /Users/michaelpeltier/Desktop/OpenClassrooms/PROJET_4/TomTroc/App/Core/Router.php:141
#0 /Users/michaelpeltier/Desktop/OpenClassrooms/PROJET_4/TomTroc/index.php(22): App\Core\Router->dispatch('GET', '/.well-known/ap...')
#1 {main}[2026-04-01 11:19:03] La page demandée n'existe pas. in /Users/michaelpeltier/Desktop/OpenClassrooms/PROJET_4/TomTroc/App/Core/Router.php:141
#0 /Users/michaelpeltier/Desktop/OpenClassrooms/PROJET_4/TomTroc/index.php(22): App\Core\Router->dispatch('GET', '/.well-known/ap...')
#1 {main}[2026-04-01 11:19:57] La page demandée n'existe pas. in /Users/michaelpeltier/Desktop/OpenClassrooms/PROJET_4/TomTroc/App/Core/Router.php:141
#0 /Users/michaelpeltier/Desktop/OpenClassrooms/PROJET_4/TomTroc/index.php(22): App\Core\Router->dispatch('GET', '/.well-known/ap...')
#1 {main}[2026-04-01 11:20:21] La page demandée n'existe pas. in /Users/michaelpeltier/Desktop/OpenClassrooms/PROJET_4/TomTroc/App/Core/Router.php:141
#0 /Users/michaelpeltier/Desktop/OpenClassrooms/PROJET_4/TomTroc/index.php(22): App\Core\Router->dispatch('GET', '/.well-known/ap...')
#1 {main}[2026-04-01 11:20:55] La page demandée n'existe pas. in /Users/michaelpeltier/Desktop/OpenClassrooms/PROJET_4/TomTroc/App/Core/Router.php:141
#0 /Users/michaelpeltier/Desktop/OpenClassrooms/PROJET_4/TomTroc/index.php(22): App\Core\Router->dispatch('GET', '/.well-known/ap...')
#1 {main}[2026-04-01 11:21:39] La page demandée n'existe pas. in /Users/michaelpeltier/Desktop/OpenClassrooms/PROJET_4/TomTroc/App/Core/Router.php:141
#0 /Users/michaelpeltier/Desktop/OpenClassrooms/PROJET_4/TomTroc/index.php(22): App\Core\Router->dispatch('GET', '/.well-known/ap...')
#1 {main}[2026-04-01 11:24:20] La page demandée n'existe pas. in /Users/michaelpeltier/Desktop/OpenClassrooms/PROJET_4/TomTroc/App/Core/Router.php:141
#0 /Users/michaelpeltier/Desktop/OpenClassrooms/PROJET_4/TomTroc/index.php(22): App\Core\Router->dispatch('GET', '/.well-known/ap...')
#1 {main}[2026-04-01 11:26:38] La page demandée n'existe pas. in /Users/michaelpeltier/Desktop/OpenClassrooms/PROJET_4/TomTroc/App/Core/Router.php:141
#0 /Users/michaelpeltier/Desktop/OpenClassrooms/PROJET_4/TomTroc/index.php(22): App\Core\Router->dispatch('GET', '/.well-known/ap...')
#1 {main}[2026-04-01 11:27:09] La page demandée n'existe pas. in /Users/michaelpeltier/Desktop/OpenClassrooms/PROJET_4/TomTroc/App/Core/Router.php:141
#0 /Users/michaelpeltier/Desktop/OpenClassrooms/PROJET_4/TomTroc/index.php(22): App\Core\Router->dispatch('GET', '/.well-known/ap...')
#1 {main}[2026-04-01 11:28:16] La page demandée n'existe pas. in /Users/michaelpeltier/Desktop/OpenClassrooms/PROJET_4/TomTroc/App/Core/Router.php:141
#0 /Users/michaelpeltier/Desktop/OpenClassrooms/PROJET_4/TomTroc/index.php(22): App\Core\Router->dispatch('GET', '/.well-known/ap...')
#1 {main}[2026-04-01 11:28:23] La page demandée n'existe pas. in /Users/michaelpeltier/Desktop/OpenClassrooms/PROJET_4/TomTroc/App/Core/Router.php:141
#0 /Users/michaelpeltier/Desktop/OpenClassrooms/PROJET_4/TomTroc/index.php(22): App\Core\Router->dispatch('GET', '/.well-known/ap...')
#1 {main}[2026-04-01 11:28:39] La page demandée n'existe pas. in /Users/michaelpeltier/Desktop/OpenClassrooms/PROJET_4/TomTroc/App/Core/Router.php:141
#0 /Users/michaelpeltier/Desktop/OpenClassrooms/PROJET_4/TomTroc/index.php(22): App\Core\Router->dispatch('GET', '/.well-known/ap...')
#1 {main}[2026-04-01 11:29:13] La page demandée n'existe pas. in /Users/michaelpeltier/Desktop/OpenClassrooms/PROJET_4/TomTroc/App/Core/Router.php:141
#0 /Users/michaelpeltier/Desktop/OpenClassrooms/PROJET_4/TomTroc/index.php(22): App\Core\Router->dispatch('GET', '/.well-known/ap...')
#1 {main}[2026-04-01 11:29:27] La page demandée n'existe pas. in /Users/michaelpeltier/Desktop/OpenClassrooms/PROJET_4/TomTroc/App/Core/Router.php:141
#0 /Users/michaelpeltier/Desktop/OpenClassrooms/PROJET_4/TomTroc/index.php(22): App\Core\Router->dispatch('GET', '/.well-known/ap...')
#1 {main}[2026-04-01 11:30:43] La page demandée n'existe pas. in /Users/michaelpeltier/Desktop/OpenClassrooms/PROJET_4/TomTroc/App/Core/Router.php:141
#0 /Users/michaelpeltier/Desktop/OpenClassrooms/PROJET_4/TomTroc/index.php(22): App\Core\Router->dispatch('GET', '/.well-known/ap...')
#1 {main}[2026-04-01 11:31:36] La page demandée n'existe pas. in /Users/michaelpeltier/Desktop/OpenClassrooms/PROJET_4/TomTroc/App/Core/Router.php:141
#0 /Users/michaelpeltier/Desktop/OpenClassrooms/PROJET_4/TomTroc/index.php(22): App\Core\Router->dispatch('GET', '/.well-known/ap...')
#1 {main}[2026-04-01 11:31:40] La page demandée n'existe pas. in /Users/michaelpeltier/Desktop/OpenClassrooms/PROJET_4/TomTroc/App/Core/Router.php:141
#0 /Users/michaelpeltier/Desktop/OpenClassrooms/PROJET_4/TomTroc/index.php(22): App\Core\Router->dispatch('GET', '/.well-known/ap...')
#1 {main}[2026-04-01 11:31:42] La page demandée n'existe pas. in /Users/michaelpeltier/Desktop/OpenClassrooms/PROJET_4/TomTroc/App/Core/Router.php:141
#0 /Users/michaelpeltier/Desktop/OpenClassrooms/PROJET_4/TomTroc/index.php(22): App\Core\Router->dispatch('GET', '/.well-known/ap...')
#1 {main}[2026-04-01 11:31:50] La page demandée n'existe pas. in /Users/michaelpeltier/Desktop/OpenClassrooms/PROJET_4/TomTroc/App/Core/Router.php:141
#0 /Users/michaelpeltier/Desktop/OpenClassrooms/PROJET_4/TomTroc/index.php(22): App\Core\Router->dispatch('GET', '/.well-known/ap...')
#1 {main}[2026-04-01 11:32:19] La page demandée n'existe pas. in /Users/michaelpeltier/Desktop/OpenClassrooms/PROJET_4/TomTroc/App/Core/Router.php:141
#0 /Users/michaelpeltier/Desktop/OpenClassrooms/PROJET_4/TomTroc/index.php(22): App\Core\Router->dispatch('GET', '/.well-known/ap...')
#1 {main}[2026-04-01 11:32:59] La page demandée n'existe pas. in /Users/michaelpeltier/Desktop/OpenClassrooms/PROJET_4/TomTroc/App/Core/Router.php:141
#0 /Users/michaelpeltier/Desktop/OpenClassrooms/PROJET_4/TomTroc/index.php(22): App\Core\Router->dispatch('GET', '/.well-known/ap...')
#1 {main}[2026-04-01 11:33:09] La page demandée n'existe pas. in /Users/michaelpeltier/Desktop/OpenClassrooms/PROJET_4/TomTroc/App/Core/Router.php:141
#0 /Users/michaelpeltier/Desktop/OpenClassrooms/PROJET_4/TomTroc/index.php(22): App\Core\Router->dispatch('GET', '/.well-known/ap...')
#1 {main}[2026-04-01 11:33:47] La page demandée n'existe pas. in /Users/michaelpeltier/Desktop/OpenClassrooms/PROJET_4/TomTroc/App/Core/Router.php:141
#0 /Users/michaelpeltier/Desktop/OpenClassrooms/PROJET_4/TomTroc/index.php(22): App\Core\Router->dispatch('GET', '/.well-known/ap...')
#1 {main}[2026-04-01 11:33:57] La page demandée n'existe pas. in /Users/michaelpeltier/Desktop/OpenClassrooms/PROJET_4/TomTroc/App/Core/Router.php:141
#0 /Users/michaelpeltier/Desktop/OpenClassrooms/PROJET_4/TomTroc/index.php(22): App\Core\Router->dispatch('GET', '/.well-known/ap...')
#1 {main}[2026-04-01 11:34:40] La page demandée n'existe pas. in /Users/michaelpeltier/Desktop/OpenClassrooms/PROJET_4/TomTroc/App/Core/Router.php:141
#0 /Users/michaelpeltier/Desktop/OpenClassrooms/PROJET_4/TomTroc/index.php(22): App\Core\Router->dispatch('GET', '/.well-known/ap...')
#1 {main}[2026-04-01 11:34:53] La page demandée n'existe pas. in /Users/michaelpeltier/Desktop/OpenClassrooms/PROJET_4/TomTroc/App/Core/Router.php:141
#0 /Users/michaelpeltier/Desktop/OpenClassrooms/PROJET_4/TomTroc/index.php(22): App\Core\Router->dispatch('GET', '/.well-known/ap...')
#1 {main}[2026-04-01 11:35:40] La page demandée n'existe pas. in /Users/michaelpeltier/Desktop/OpenClassrooms/PROJET_4/TomTroc/App/Core/Router.php:141
#0 /Users/michaelpeltier/Desktop/OpenClassrooms/PROJET_4/TomTroc/index.php(22): App\Core\Router->dispatch('GET', '/.well-known/ap...')
#1 {main}[2026-04-01 11:35:56] La page demandée n'existe pas. in /Users/michaelpeltier/Desktop/OpenClassrooms/PROJET_4/TomTroc/App/Core/Router.php:141
#0 /Users/michaelpeltier/Desktop/OpenClassrooms/PROJET_4/TomTroc/index.php(22): App\Core\Router->dispatch('GET', '/.well-known/ap...')
#1 {main}[2026-04-01 11:36:06] La page demandée n'existe pas. in /Users/michaelpeltier/Desktop/OpenClassrooms/PROJET_4/TomTroc/App/Core/Router.php:141
#0 /Users/michaelpeltier/Desktop/OpenClassrooms/PROJET_4/TomTroc/index.php(22): App\Core\Router->dispatch('GET', '/.well-known/ap...')
#1 {main}[2026-04-01 11:36:16] La page demandée n'existe pas. in /Users/michaelpeltier/Desktop/OpenClassrooms/PROJET_4/TomTroc/App/Core/Router.php:141
#0 /Users/michaelpeltier/Desktop/OpenClassrooms/PROJET_4/TomTroc/index.php(22): App\Core\Router->dispatch('GET', '/.well-known/ap...')
#1 {main}[2026-04-01 11:36:20] La page demandée n'existe pas. in /Users/michaelpeltier/Desktop/OpenClassrooms/PROJET_4/TomTroc/App/Core/Router.php:141
#0 /Users/michaelpeltier/Desktop/OpenClassrooms/PROJET_4/TomTroc/index.php(22): App\Core\Router->dispatch('GET', '/.well-known/ap...')
#1 {main}[2026-04-01 11:36:22] La page demandée n'existe pas. in /Users/michaelpeltier/Desktop/OpenClassrooms/PROJET_4/TomTroc/App/Core/Router.php:141
#0 /Users/michaelpeltier/Desktop/OpenClassrooms/PROJET_4/TomTroc/index.php(22): App\Core\Router->dispatch('GET', '/.well-known/ap...')
#1 {main}[2026-04-01 11:37:18] La page demandée n'existe pas. in /Users/michaelpeltier/Desktop/OpenClassrooms/PROJET_4/TomTroc/App/Core/Router.php:141
#0 /Users/michaelpeltier/Desktop/OpenClassrooms/PROJET_4/TomTroc/index.php(22): App\Core\Router->dispatch('GET', '/.well-known/ap...')
#1 {main}[2026-04-01 11:37:24] La page demandée n'existe pas. in /Users/michaelpeltier/Desktop/OpenClassrooms/PROJET_4/TomTroc/App/Core/Router.php:141
#0 /Users/michaelpeltier/Desktop/OpenClassrooms/PROJET_4/TomTroc/index.php(22): App\Core\Router->dispatch('GET', '/.well-known/ap...')
#1 {main}[2026-04-01 11:38:41] La page demandée n'existe pas. in /Users/michaelpeltier/Desktop/OpenClassrooms/PROJET_4/TomTroc/App/Core/Router.php:141
#0 /Users/michaelpeltier/Desktop/OpenClassrooms/PROJET_4/TomTroc/index.php(22): App\Core\Router->dispatch('GET', '/.well-known/ap...')
#1 {main}[2026-04-01 11:39:21] La page demandée n'existe pas. in /Users/michaelpeltier/Desktop/OpenClassrooms/PROJET_4/TomTroc/App/Core/Router.php:141
#0 /Users/michaelpeltier/Desktop/OpenClassrooms/PROJET_4/TomTroc/index.php(22): App\Core\Router->dispatch('GET', '/.well-known/ap...')
#1 {main}[2026-04-01 14:03:45] La page demandée n'existe pas. in /Users/michaelpeltier/Desktop/OpenClassrooms/PROJET_4/TomTroc/App/Core/Router.php:141
#0 /Users/michaelpeltier/Desktop/OpenClassrooms/PROJET_4/TomTroc/index.php(22): App\Core\Router->dispatch('GET', '/.well-known/ap...')
#1 {main}[2026-04-01 14:07:11] La page demandée n'existe pas. in /Users/michaelpeltier/Desktop/OpenClassrooms/PROJET_4/TomTroc/App/Core/Router.php:141
#0 /Users/michaelpeltier/Desktop/OpenClassrooms/PROJET_4/TomTroc/index.php(22): App\Core\Router->dispatch('GET', '/.well-known/ap...')
#1 {main}[2026-04-01 14:07:24] La page demandée n'existe pas. in /Users/michaelpeltier/Desktop/OpenClassrooms/PROJET_4/TomTroc/App/Core/Router.php:141
#0 /Users/michaelpeltier/Desktop/OpenClassrooms/PROJET_4/TomTroc/index.php(22): App\Core\Router->dispatch('GET', '/.well-known/ap...')
#1 {main}[2026-04-01 14:08:13] La page demandée n'existe pas. in /Users/michaelpeltier/Desktop/OpenClassrooms/PROJET_4/TomTroc/App/Core/Router.php:141
#0 /Users/michaelpeltier/Desktop/OpenClassrooms/PROJET_4/TomTroc/index.php(22): App\Core\Router->dispatch('GET', '/.well-known/ap...')
#1 {main}[2026-04-01 14:08:57] Call to undefined method App\Models\Entities\Book::getOwnerPictureId() in /Users/michaelpeltier/Desktop/OpenClassrooms/PROJET_4/TomTroc/App/Views/templates/book.php:29
#0 /Users/michaelpeltier/Desktop/OpenClassrooms/PROJET_4/TomTroc/App/Views/View.php(57): require()
#1 /Users/michaelpeltier/Desktop/OpenClassrooms/PROJET_4/TomTroc/App/Views/View.php(37): App\Views\View->renderViewFromTemplate('/Users/michaelp...', Array)
#2 /Users/michaelpeltier/Desktop/OpenClassrooms/PROJET_4/TomTroc/App/Controllers/BooksController.php(79): App\Views\View->render('book', Array)
#3 /Users/michaelpeltier/Desktop/OpenClassrooms/PROJET_4/TomTroc/App/Core/Router.php(136): App\Controllers\BooksController->showBook('29')
#4 /Users/michaelpeltier/Desktop/OpenClassrooms/PROJET_4/TomTroc/index.php(22): App\Core\Router->dispatch('GET', '/book/29')
#5 {main}[2026-04-01 14:08:57] La page demandée n'existe pas. in /Users/michaelpeltier/Desktop/OpenClassrooms/PROJET_4/TomTroc/App/Core/Router.php:141
#0 /Users/michaelpeltier/Desktop/OpenClassrooms/PROJET_4/TomTroc/index.php(22): App\Core\Router->dispatch('GET', '/.well-known/ap...')
#1 {main}[2026-04-01 14:09:09] La page demandée n'existe pas. in /Users/michaelpeltier/Desktop/OpenClassrooms/PROJET_4/TomTroc/App/Core/Router.php:141
#0 /Users/michaelpeltier/Desktop/OpenClassrooms/PROJET_4/TomTroc/index.php(22): App\Core\Router->dispatch('GET', '/.well-known/ap...')
#1 {main}[2026-04-01 14:12:16] La page demandée n'existe pas. in /Users/michaelpeltier/Desktop/OpenClassrooms/PROJET_4/TomTroc/App/Core/Router.php:141
#0 /Users/michaelpeltier/Desktop/OpenClassrooms/PROJET_4/TomTroc/index.php(22): App\Core\Router->dispatch('GET', '/.well-known/ap...')
#1 {main}[2026-04-01 14:13:58] La page demandée n'existe pas. in /Users/michaelpeltier/Desktop/OpenClassrooms/PROJET_4/TomTroc/App/Core/Router.php:141
#0 /Users/michaelpeltier/Desktop/OpenClassrooms/PROJET_4/TomTroc/index.php(22): App\Core\Router->dispatch('GET', '/.well-known/ap...')
#1 {main}[2026-04-01 14:14:58] La page demandée n'existe pas. in /Users/michaelpeltier/Desktop/OpenClassrooms/PROJET_4/TomTroc/App/Core/Router.php:141
#0 /Users/michaelpeltier/Desktop/OpenClassrooms/PROJET_4/TomTroc/index.php(22): App\Core\Router->dispatch('GET', '/.well-known/ap...')
#1 {main}[2026-04-01 14:15:14] La page demandée n'existe pas. in /Users/michaelpeltier/Desktop/OpenClassrooms/PROJET_4/TomTroc/App/Core/Router.php:141
#0 /Users/michaelpeltier/Desktop/OpenClassrooms/PROJET_4/TomTroc/index.php(22): App\Core\Router->dispatch('GET', '/.well-known/ap...')
#1 {main}[2026-04-01 14:15:53] La page demandée n'existe pas. in /Users/michaelpeltier/Desktop/OpenClassrooms/PROJET_4/TomTroc/App/Core/Router.php:141
#0 /Users/michaelpeltier/Desktop/OpenClassrooms/PROJET_4/TomTroc/index.php(22): App\Core\Router->dispatch('GET', '/.well-known/ap...')
#1 {main}[2026-04-01 14:16:59] La page demandée n'existe pas. in /Users/michaelpeltier/Desktop/OpenClassrooms/PROJET_4/TomTroc/App/Core/Router.php:141
#0 /Users/michaelpeltier/Desktop/OpenClassrooms/PROJET_4/TomTroc/index.php(22): App\Core\Router->dispatch('GET', '/.well-known/ap...')
#1 {main}[2026-04-01 14:17:40] La page demandée n'existe pas. in /Users/michaelpeltier/Desktop/OpenClassrooms/PROJET_4/TomTroc/App/Core/Router.php:141
#0 /Users/michaelpeltier/Desktop/OpenClassrooms/PROJET_4/TomTroc/index.php(22): App\Core\Router->dispatch('GET', '/.well-known/ap...')
#1 {main}[2026-04-01 14:18:14] La page demandée n'existe pas. in /Users/michaelpeltier/Desktop/OpenClassrooms/PROJET_4/TomTroc/App/Core/Router.php:141
#0 /Users/michaelpeltier/Desktop/OpenClassrooms/PROJET_4/TomTroc/index.php(22): App\Core\Router->dispatch('GET', '/.well-known/ap...')
#1 {main}[2026-04-01 14:18:16] La page demandée n'existe pas. in /Users/michaelpeltier/Desktop/OpenClassrooms/PROJET_4/TomTroc/App/Core/Router.php:141
#0 /Users/michaelpeltier/Desktop/OpenClassrooms/PROJET_4/TomTroc/index.php(22): App\Core\Router->dispatch('GET', '/.well-known/ap...')
#1 {main}[2026-04-01 14:18:19] La page demandée n'existe pas. in /Users/michaelpeltier/Desktop/OpenClassrooms/PROJET_4/TomTroc/App/Core/Router.php:141
#0 /Users/michaelpeltier/Desktop/OpenClassrooms/PROJET_4/TomTroc/index.php(22): App\Core\Router->dispatch('GET', '/.well-known/ap...')
#1 {main}[2026-04-01 14:18:59] La page demandée n'existe pas. in /Users/michaelpeltier/Desktop/OpenClassrooms/PROJET_4/TomTroc/App/Core/Router.php:141
#0 /Users/michaelpeltier/Desktop/OpenClassrooms/PROJET_4/TomTroc/index.php(22): App\Core\Router->dispatch('GET', '/.well-known/ap...')
#1 {main}[2026-04-01 14:20:02] La page demandée n'existe pas. in /Users/michaelpeltier/Desktop/OpenClassrooms/PROJET_4/TomTroc/App/Core/Router.php:141
#0 /Users/michaelpeltier/Desktop/OpenClassrooms/PROJET_4/TomTroc/index.php(22): App\Core\Router->dispatch('GET', '/.well-known/ap...')
#1 {main}[2026-04-01 14:20:42] La page demandée n'existe pas. in /Users/michaelpeltier/Desktop/OpenClassrooms/PROJET_4/TomTroc/App/Core/Router.php:141
#0 /Users/michaelpeltier/Desktop/OpenClassrooms/PROJET_4/TomTroc/index.php(22): App\Core\Router->dispatch('GET', '/.well-known/ap...')
#1 {main}[2026-04-01 14:21:10] La page demandée n'existe pas. in /Users/michaelpeltier/Desktop/OpenClassrooms/PROJET_4/TomTroc/App/Core/Router.php:141
#0 /Users/michaelpeltier/Desktop/OpenClassrooms/PROJET_4/TomTroc/index.php(22): App\Core\Router->dispatch('GET', '/.well-known/ap...')
#1 {main}[2026-04-01 14:21:29] La page demandée n'existe pas. in /Users/michaelpeltier/Desktop/OpenClassrooms/PROJET_4/TomTroc/App/Core/Router.php:141
#0 /Users/michaelpeltier/Desktop/OpenClassrooms/PROJET_4/TomTroc/index.php(22): App\Core\Router->dispatch('GET', '/.well-known/ap...')
#1 {main}[2026-04-01 14:22:02] La page demandée n'existe pas. in /Users/michaelpeltier/Desktop/OpenClassrooms/PROJET_4/TomTroc/App/Core/Router.php:141
#0 /Users/michaelpeltier/Desktop/OpenClassrooms/PROJET_4/TomTroc/index.php(22): App\Core\Router->dispatch('GET', '/.well-known/ap...')
#1 {main}[2026-04-01 14:22:09] La page demandée n'existe pas. in /Users/michaelpeltier/Desktop/OpenClassrooms/PROJET_4/TomTroc/App/Core/Router.php:141
#0 /Users/michaelpeltier/Desktop/OpenClassrooms/PROJET_4/TomTroc/index.php(22): App\Core\Router->dispatch('GET', '/.well-known/ap...')
#1 {main}[2026-04-01 14:22:37] La page demandée n'existe pas. in /Users/michaelpeltier/Desktop/OpenClassrooms/PROJET_4/TomTroc/App/Core/Router.php:141
#0 /Users/michaelpeltier/Desktop/OpenClassrooms/PROJET_4/TomTroc/index.php(22): App\Core\Router->dispatch('GET', '/.well-known/ap...')
#1 {main}[2026-04-01 14:38:22] La page demandée n'existe pas. in /Users/michaelpeltier/Desktop/OpenClassrooms/PROJET_4/TomTroc/App/Core/Router.php:141
#0 /Users/michaelpeltier/Desktop/OpenClassrooms/PROJET_4/TomTroc/index.php(22): App\Core\Router->dispatch('GET', '/.well-known/ap...')
#1 {main}[2026-04-01 14:38:25] La page demandée n'existe pas. in /Users/michaelpeltier/Desktop/OpenClassrooms/PROJET_4/TomTroc/App/Core/Router.php:141
#0 /Users/michaelpeltier/Desktop/OpenClassrooms/PROJET_4/TomTroc/index.php(22): App\Core\Router->dispatch('GET', '/.well-known/ap...')
#1 {main}[2026-04-01 14:39:02] La page demandée n'existe pas. in /Users/michaelpeltier/Desktop/OpenClassrooms/PROJET_4/TomTroc/App/Core/Router.php:141
#0 /Users/michaelpeltier/Desktop/OpenClassrooms/PROJET_4/TomTroc/index.php(22): App\Core\Router->dispatch('GET', '/.well-known/ap...')
#1 {main}[2026-04-01 14:39:21] La page demandée n'existe pas. in /Users/michaelpeltier/Desktop/OpenClassrooms/PROJET_4/TomTroc/App/Core/Router.php:141
#0 /Users/michaelpeltier/Desktop/OpenClassrooms/PROJET_4/TomTroc/index.php(22): App\Core\Router->dispatch('GET', '/.well-known/ap...')
#1 {main}[2026-04-01 14:40:10] La page demandée n'existe pas. in /Users/michaelpeltier/Desktop/OpenClassrooms/PROJET_4/TomTroc/App/Core/Router.php:141
#0 /Users/michaelpeltier/Desktop/OpenClassrooms/PROJET_4/TomTroc/index.php(22): App\Core\Router->dispatch('GET', '/.well-known/ap...')
#1 {main}[2026-04-01 14:41:07] La page demandée n'existe pas. in /Users/michaelpeltier/Desktop/OpenClassrooms/PROJET_4/TomTroc/App/Core/Router.php:141
#0 /Users/michaelpeltier/Desktop/OpenClassrooms/PROJET_4/TomTroc/index.php(22): App\Core\Router->dispatch('GET', '/.well-known/ap...')
#1 {main}[2026-04-01 14:41:42] La page demandée n'existe pas. in /Users/michaelpeltier/Desktop/OpenClassrooms/PROJET_4/TomTroc/App/Core/Router.php:141
#0 /Users/michaelpeltier/Desktop/OpenClassrooms/PROJET_4/TomTroc/index.php(22): App\Core\Router->dispatch('GET', '/.well-known/ap...')
#1 {main}[2026-04-01 14:41:50] La page demandée n'existe pas. in /Users/michaelpeltier/Desktop/OpenClassrooms/PROJET_4/TomTroc/App/Core/Router.php:141
#0 /Users/michaelpeltier/Desktop/OpenClassrooms/PROJET_4/TomTroc/index.php(22): App\Core\Router->dispatch('GET', '/.well-known/ap...')
#1 {main}[2026-04-01 14:41:56] La page demandée n'existe pas. in /Users/michaelpeltier/Desktop/OpenClassrooms/PROJET_4/TomTroc/App/Core/Router.php:141
#0 /Users/michaelpeltier/Desktop/OpenClassrooms/PROJET_4/TomTroc/index.php(22): App\Core\Router->dispatch('GET', '/.well-known/ap...')
#1 {main}[2026-04-01 14:42:54] La page demandée n'existe pas. in /Users/michaelpeltier/Desktop/OpenClassrooms/PROJET_4/TomTroc/App/Core/Router.php:141
#0 /Users/michaelpeltier/Desktop/OpenClassrooms/PROJET_4/TomTroc/index.php(22): App\Core\Router->dispatch('GET', '/.well-known/ap...')
#1 {main}[2026-04-01 14:43:11] La page demandée n'existe pas. in /Users/michaelpeltier/Desktop/OpenClassrooms/PROJET_4/TomTroc/App/Core/Router.php:141
#0 /Users/michaelpeltier/Desktop/OpenClassrooms/PROJET_4/TomTroc/index.php(22): App\Core\Router->dispatch('GET', '/.well-known/ap...')
#1 {main}[2026-04-01 14:43:27] La page demandée n'existe pas. in /Users/michaelpeltier/Desktop/OpenClassrooms/PROJET_4/TomTroc/App/Core/Router.php:141
#0 /Users/michaelpeltier/Desktop/OpenClassrooms/PROJET_4/TomTroc/index.php(22): App\Core\Router->dispatch('GET', '/.well-known/ap...')
#1 {main}[2026-04-01 14:45:34] La page demandée n'existe pas. in /Users/michaelpeltier/Desktop/OpenClassrooms/PROJET_4/TomTroc/App/Core/Router.php:141
#0 /Users/michaelpeltier/Desktop/OpenClassrooms/PROJET_4/TomTroc/index.php(22): App\Core\Router->dispatch('GET', '/.well-known/ap...')
#1 {main}[2026-04-01 14:45:46] La page demandée n'existe pas. in /Users/michaelpeltier/Desktop/OpenClassrooms/PROJET_4/TomTroc/App/Core/Router.php:141
#0 /Users/michaelpeltier/Desktop/OpenClassrooms/PROJET_4/TomTroc/index.php(22): App\Core\Router->dispatch('GET', '/.well-known/ap...')
#1 {main}[2026-04-01 14:47:20] La page demandée n'existe pas. in /Users/michaelpeltier/Desktop/OpenClassrooms/PROJET_4/TomTroc/App/Core/Router.php:141
#0 /Users/michaelpeltier/Desktop/OpenClassrooms/PROJET_4/TomTroc/index.php(22): App\Core\Router->dispatch('GET', '/.well-known/ap...')
#1 {main}[2026-04-01 14:48:07] La page demandée n'existe pas. in /Users/michaelpeltier/Desktop/OpenClassrooms/PROJET_4/TomTroc/App/Core/Router.php:141
#0 /Users/michaelpeltier/Desktop/OpenClassrooms/PROJET_4/TomTroc/index.php(22): App\Core\Router->dispatch('GET', '/.well-known/ap...')
#1 {main}[2026-04-01 14:48:29] La page demandée n'existe pas. in /Users/michaelpeltier/Desktop/OpenClassrooms/PROJET_4/TomTroc/App/Core/Router.php:141
#0 /Users/michaelpeltier/Desktop/OpenClassrooms/PROJET_4/TomTroc/index.php(22): App\Core\Router->dispatch('GET', '/.well-known/ap...')
#1 {main}[2026-04-01 14:48:30] La page demandée n'existe pas. in /Users/michaelpeltier/Desktop/OpenClassrooms/PROJET_4/TomTroc/App/Core/Router.php:141
#0 /Users/michaelpeltier/Desktop/OpenClassrooms/PROJET_4/TomTroc/index.php(22): App\Core\Router->dispatch('GET', '/.well-known/ap...')
#1 {main}[2026-04-01 14:48:47] La page demandée n'existe pas. in /Users/michaelpeltier/Desktop/OpenClassrooms/PROJET_4/TomTroc/App/Core/Router.php:141
#0 /Users/michaelpeltier/Desktop/OpenClassrooms/PROJET_4/TomTroc/index.php(22): App\Core\Router->dispatch('GET', '/.well-known/ap...')
#1 {main}[2026-04-01 14:49:34] La page demandée n'existe pas. in /Users/michaelpeltier/Desktop/OpenClassrooms/PROJET_4/TomTroc/App/Core/Router.php:141
#0 /Users/michaelpeltier/Desktop/OpenClassrooms/PROJET_4/TomTroc/index.php(22): App\Core\Router->dispatch('GET', '/.well-known/ap...')
#1 {main}[2026-04-01 14:50:07] La page demandée n'existe pas. in /Users/michaelpeltier/Desktop/OpenClassrooms/PROJET_4/TomTroc/App/Core/Router.php:141
#0 /Users/michaelpeltier/Desktop/OpenClassrooms/PROJET_4/TomTroc/index.php(22): App\Core\Router->dispatch('GET', '/.well-known/ap...')
#1 {main}[2026-04-01 14:50:40] La page demandée n'existe pas. in /Users/michaelpeltier/Desktop/OpenClassrooms/PROJET_4/TomTroc/App/Core/Router.php:141
#0 /Users/michaelpeltier/Desktop/OpenClassrooms/PROJET_4/TomTroc/index.php(22): App\Core\Router->dispatch('GET', '/.well-known/ap...')
#1 {main}[2026-04-01 14:50:44] La page demandée n'existe pas. in /Users/michaelpeltier/Desktop/OpenClassrooms/PROJET_4/TomTroc/App/Core/Router.php:141
#0 /Users/michaelpeltier/Desktop/OpenClassrooms/PROJET_4/TomTroc/index.php(22): App\Core\Router->dispatch('GET', '/.well-known/ap...')
#1 {main}[2026-04-01 14:50:52] La page demandée n'existe pas. in /Users/michaelpeltier/Desktop/OpenClassrooms/PROJET_4/TomTroc/App/Core/Router.php:141
#0 /Users/michaelpeltier/Desktop/OpenClassrooms/PROJET_4/TomTroc/index.php(22): App\Core\Router->dispatch('GET', '/.well-known/ap...')
#1 {main}[2026-04-01 14:52:42] La page demandée n'existe pas. in /Users/michaelpeltier/Desktop/OpenClassrooms/PROJET_4/TomTroc/App/Core/Router.php:141
#0 /Users/michaelpeltier/Desktop/OpenClassrooms/PROJET_4/TomTroc/index.php(22): App\Core\Router->dispatch('GET', '/.well-known/ap...')
#1 {main}[2026-04-01 14:54:39] La page demandée n'existe pas. in /Users/michaelpeltier/Desktop/OpenClassrooms/PROJET_4/TomTroc/App/Core/Router.php:141
#0 /Users/michaelpeltier/Desktop/OpenClassrooms/PROJET_4/TomTroc/index.php(22): App\Core\Router->dispatch('GET', '/.well-known/ap...')
#1 {main}[2026-04-01 14:54:49] La page demandée n'existe pas. in /Users/michaelpeltier/Desktop/OpenClassrooms/PROJET_4/TomTroc/App/Core/Router.php:141
#0 /Users/michaelpeltier/Desktop/OpenClassrooms/PROJET_4/TomTroc/index.php(22): App\Core\Router->dispatch('GET', '/.well-known/ap...')
#1 {main}[2026-04-01 14:55:01] La page demandée n'existe pas. in /Users/michaelpeltier/Desktop/OpenClassrooms/PROJET_4/TomTroc/App/Core/Router.php:141
#0 /Users/michaelpeltier/Desktop/OpenClassrooms/PROJET_4/TomTroc/index.php(22): App\Core\Router->dispatch('GET', '/.well-known/ap...')
#1 {main}[2026-04-01 14:55:34] La page demandée n'existe pas. in /Users/michaelpeltier/Desktop/OpenClassrooms/PROJET_4/TomTroc/App/Core/Router.php:141
#0 /Users/michaelpeltier/Desktop/OpenClassrooms/PROJET_4/TomTroc/index.php(22): App\Core\Router->dispatch('GET', '/.well-known/ap...')
#1 {main}[2026-04-01 14:55:45] La page demandée n'existe pas. in /Users/michaelpeltier/Desktop/OpenClassrooms/PROJET_4/TomTroc/App/Core/Router.php:141
#0 /Users/michaelpeltier/Desktop/OpenClassrooms/PROJET_4/TomTroc/index.php(22): App\Core\Router->dispatch('GET', '/.well-known/ap...')
#1 {main}[2026-04-01 14:57:00] La page demandée n'existe pas. in /Users/michaelpeltier/Desktop/OpenClassrooms/PROJET_4/TomTroc/App/Core/Router.php:141
#0 /Users/michaelpeltier/Desktop/OpenClassrooms/PROJET_4/TomTroc/index.php(22): App\Core\Router->dispatch('GET', '/.well-known/ap...')
#1 {main}[2026-04-01 14:58:47] La page demandée n'existe pas. in /Users/michaelpeltier/Desktop/OpenClassrooms/PROJET_4/TomTroc/App/Core/Router.php:141
#0 /Users/michaelpeltier/Desktop/OpenClassrooms/PROJET_4/TomTroc/index.php(22): App\Core\Router->dispatch('GET', '/.well-known/ap...')
#1 {main}[2026-04-01 14:58:59] La page demandée n'existe pas. in /Users/michaelpeltier/Desktop/OpenClassrooms/PROJET_4/TomTroc/App/Core/Router.php:141
#0 /Users/michaelpeltier/Desktop/OpenClassrooms/PROJET_4/TomTroc/index.php(22): App\Core\Router->dispatch('GET', '/.well-known/ap...')
#1 {main}[2026-04-01 14:59:19] La page demandée n'existe pas. in /Users/michaelpeltier/Desktop/OpenClassrooms/PROJET_4/TomTroc/App/Core/Router.php:141
#0 /Users/michaelpeltier/Desktop/OpenClassrooms/PROJET_4/TomTroc/index.php(22): App\Core\Router->dispatch('GET', '/.well-known/ap...')
#1 {main}[2026-04-01 15:00:36] La page demandée n'existe pas. in /Users/michaelpeltier/Desktop/OpenClassrooms/PROJET_4/TomTroc/App/Core/Router.php:141
#0 /Users/michaelpeltier/Desktop/OpenClassrooms/PROJET_4/TomTroc/index.php(22): App\Core\Router->dispatch('GET', '/.well-known/ap...')
#1 {main}[2026-04-01 15:01:24] La page demandée n'existe pas. in /Users/michaelpeltier/Desktop/OpenClassrooms/PROJET_4/TomTroc/App/Core/Router.php:141
#0 /Users/michaelpeltier/Desktop/OpenClassrooms/PROJET_4/TomTroc/index.php(22): App\Core\Router->dispatch('GET', '/.well-known/ap...')
#1 {main}[2026-04-01 15:02:09] La page demandée n'existe pas. in /Users/michaelpeltier/Desktop/OpenClassrooms/PROJET_4/TomTroc/App/Core/Router.php:141
#0 /Users/michaelpeltier/Desktop/OpenClassrooms/PROJET_4/TomTroc/index.php(22): App\Core\Router->dispatch('GET', '/.well-known/ap...')
#1 {main}[2026-04-01 15:02:50] La page demandée n'existe pas. in /Users/michaelpeltier/Desktop/OpenClassrooms/PROJET_4/TomTroc/App/Core/Router.php:141
#0 /Users/michaelpeltier/Desktop/OpenClassrooms/PROJET_4/TomTroc/index.php(22): App\Core\Router->dispatch('GET', '/.well-known/ap...')
#1 {main}[2026-04-01 15:02:56] La page demandée n'existe pas. in /Users/michaelpeltier/Desktop/OpenClassrooms/PROJET_4/TomTroc/App/Core/Router.php:141
#0 /Users/michaelpeltier/Desktop/OpenClassrooms/PROJET_4/TomTroc/index.php(22): App\Core\Router->dispatch('GET', '/.well-known/ap...')
#1 {main}[2026-04-01 15:03:15] La page demandée n'existe pas. in /Users/michaelpeltier/Desktop/OpenClassrooms/PROJET_4/TomTroc/App/Core/Router.php:141
#0 /Users/michaelpeltier/Desktop/OpenClassrooms/PROJET_4/TomTroc/index.php(22): App\Core\Router->dispatch('GET', '/.well-known/ap...')
#1 {main}[2026-04-01 15:03:33] La page demandée n'existe pas. in /Users/michaelpeltier/Desktop/OpenClassrooms/PROJET_4/TomTroc/App/Core/Router.php:141
#0 /Users/michaelpeltier/Desktop/OpenClassrooms/PROJET_4/TomTroc/index.php(22): App\Core\Router->dispatch('GET', '/.well-known/ap...')
#1 {main}[2026-04-01 15:03:35] La page demandée n'existe pas. in /Users/michaelpeltier/Desktop/OpenClassrooms/PROJET_4/TomTroc/App/Core/Router.php:141
#0 /Users/michaelpeltier/Desktop/OpenClassrooms/PROJET_4/TomTroc/index.php(22): App\Core\Router->dispatch('GET', '/.well-known/ap...')
#1 {main}[2026-04-01 15:03:36] La page demandée n'existe pas. in /Users/michaelpeltier/Desktop/OpenClassrooms/PROJET_4/TomTroc/App/Core/Router.php:141
#0 /Users/michaelpeltier/Desktop/OpenClassrooms/PROJET_4/TomTroc/index.php(22): App\Core\Router->dispatch('GET', '/.well-known/ap...')
#1 {main}[2026-04-01 15:04:12] La page demandée n'existe pas. in /Users/michaelpeltier/Desktop/OpenClassrooms/PROJET_4/TomTroc/App/Core/Router.php:141
#0 /Users/michaelpeltier/Desktop/OpenClassrooms/PROJET_4/TomTroc/index.php(22): App\Core\Router->dispatch('GET', '/.well-known/ap...')
#1 {main}[2026-04-01 15:04:45] La page demandée n'existe pas. in /Users/michaelpeltier/Desktop/OpenClassrooms/PROJET_4/TomTroc/App/Core/Router.php:141
#0 /Users/michaelpeltier/Desktop/OpenClassrooms/PROJET_4/TomTroc/index.php(22): App\Core\Router->dispatch('GET', '/.well-known/ap...')
#1 {main}[2026-04-01 15:05:33] La page demandée n'existe pas. in /Users/michaelpeltier/Desktop/OpenClassrooms/PROJET_4/TomTroc/App/Core/Router.php:141
#0 /Users/michaelpeltier/Desktop/OpenClassrooms/PROJET_4/TomTroc/index.php(22): App\Core\Router->dispatch('GET', '/.well-known/ap...')
#1 {main}[2026-04-01 15:05:47] La page demandée n'existe pas. in /Users/michaelpeltier/Desktop/OpenClassrooms/PROJET_4/TomTroc/App/Core/Router.php:141
#0 /Users/michaelpeltier/Desktop/OpenClassrooms/PROJET_4/TomTroc/index.php(22): App\Core\Router->dispatch('GET', '/.well-known/ap...')
#1 {main}[2026-04-01 15:06:06] La page demandée n'existe pas. in /Users/michaelpeltier/Desktop/OpenClassrooms/PROJET_4/TomTroc/App/Core/Router.php:141
#0 /Users/michaelpeltier/Desktop/OpenClassrooms/PROJET_4/TomTroc/index.php(22): App\Core\Router->dispatch('GET', '/.well-known/ap...')
#1 {main}[2026-04-01 15:06:39] La page demandée n'existe pas. in /Users/michaelpeltier/Desktop/OpenClassrooms/PROJET_4/TomTroc/App/Core/Router.php:141
#0 /Users/michaelpeltier/Desktop/OpenClassrooms/PROJET_4/TomTroc/index.php(22): App\Core\Router->dispatch('GET', '/.well-known/ap...')
#1 {main}[2026-04-01 15:06:52] La page demandée n'existe pas. in /Users/michaelpeltier/Desktop/OpenClassrooms/PROJET_4/TomTroc/App/Core/Router.php:141
#0 /Users/michaelpeltier/Desktop/OpenClassrooms/PROJET_4/TomTroc/index.php(22): App\Core\Router->dispatch('GET', '/.well-known/ap...')
#1 {main}[2026-04-01 15:07:22] La page demandée n'existe pas. in /Users/michaelpeltier/Desktop/OpenClassrooms/PROJET_4/TomTroc/App/Core/Router.php:141
#0 /Users/michaelpeltier/Desktop/OpenClassrooms/PROJET_4/TomTroc/index.php(22): App\Core\Router->dispatch('GET', '/.well-known/ap...')
#1 {main}[2026-04-01 15:07:38] La page demandée n'existe pas. in /Users/michaelpeltier/Desktop/OpenClassrooms/PROJET_4/TomTroc/App/Core/Router.php:141
#0 /Users/michaelpeltier/Desktop/OpenClassrooms/PROJET_4/TomTroc/index.php(22): App\Core\Router->dispatch('GET', '/.well-known/ap...')
#1 {main}[2026-04-01 15:07:50] La page demandée n'existe pas. in /Users/michaelpeltier/Desktop/OpenClassrooms/PROJET_4/TomTroc/App/Core/Router.php:141
#0 /Users/michaelpeltier/Desktop/OpenClassrooms/PROJET_4/TomTroc/index.php(22): App\Core\Router->dispatch('GET', '/.well-known/ap...')
#1 {main}[2026-04-01 15:19:31] La page demandée n'existe pas. in /Users/michaelpeltier/Desktop/OpenClassrooms/PROJET_4/TomTroc/App/Core/Router.php:141
#0 /Users/michaelpeltier/Desktop/OpenClassrooms/PROJET_4/TomTroc/index.php(22): App\Core\Router->dispatch('GET', '/.well-known/ap...')
#1 {main}[2026-04-01 15:20:03] La page demandée n'existe pas. in /Users/michaelpeltier/Desktop/OpenClassrooms/PROJET_4/TomTroc/App/Core/Router.php:141
#0 /Users/michaelpeltier/Desktop/OpenClassrooms/PROJET_4/TomTroc/index.php(22): App\Core\Router->dispatch('GET', '/.well-known/ap...')
#1 {main}[2026-04-01 15:21:04] La page demandée n'existe pas. in /Users/michaelpeltier/Desktop/OpenClassrooms/PROJET_4/TomTroc/App/Core/Router.php:141
#0 /Users/michaelpeltier/Desktop/OpenClassrooms/PROJET_4/TomTroc/index.php(22): App\Core\Router->dispatch('GET', '/.well-known/ap...')
#1 {main}[2026-04-01 15:21:14] La page demandée n'existe pas. in /Users/michaelpeltier/Desktop/OpenClassrooms/PROJET_4/TomTroc/App/Core/Router.php:141
#0 /Users/michaelpeltier/Desktop/OpenClassrooms/PROJET_4/TomTroc/index.php(22): App\Core\Router->dispatch('GET', '/.well-known/ap...')
#1 {main}[2026-04-01 15:21:47] La page demandée n'existe pas. in /Users/michaelpeltier/Desktop/OpenClassrooms/PROJET_4/TomTroc/App/Core/Router.php:141
#0 /Users/michaelpeltier/Desktop/OpenClassrooms/PROJET_4/TomTroc/index.php(22): App\Core\Router->dispatch('GET', '/.well-known/ap...')
#1 {main}[2026-04-01 15:22:23] La page demandée n'existe pas. in /Users/michaelpeltier/Desktop/OpenClassrooms/PROJET_4/TomTroc/App/Core/Router.php:141
#0 /Users/michaelpeltier/Desktop/OpenClassrooms/PROJET_4/TomTroc/index.php(22): App\Core\Router->dispatch('GET', '/.well-known/ap...')
#1 {main}[2026-04-01 15:22:38] La page demandée n'existe pas. in /Users/michaelpeltier/Desktop/OpenClassrooms/PROJET_4/TomTroc/App/Core/Router.php:141
#0 /Users/michaelpeltier/Desktop/OpenClassrooms/PROJET_4/TomTroc/index.php(22): App\Core\Router->dispatch('GET', '/.well-known/ap...')
#1 {main}[2026-04-01 15:22:48] La page demandée n'existe pas. in /Users/michaelpeltier/Desktop/OpenClassrooms/PROJET_4/TomTroc/App/Core/Router.php:141
#0 /Users/michaelpeltier/Desktop/OpenClassrooms/PROJET_4/TomTroc/index.php(22): App\Core\Router->dispatch('GET', '/.well-known/ap...')
#1 {main}[2026-04-01 15:23:09] La page demandée n'existe pas. in /Users/michaelpeltier/Desktop/OpenClassrooms/PROJET_4/TomTroc/App/Core/Router.php:141
#0 /Users/michaelpeltier/Desktop/OpenClassrooms/PROJET_4/TomTroc/index.php(22): App\Core\Router->dispatch('GET', '/.well-known/ap...')
#1 {main}[2026-04-01 15:23:29] La page demandée n'existe pas. in /Users/michaelpeltier/Desktop/OpenClassrooms/PROJET_4/TomTroc/App/Core/Router.php:141
#0 /Users/michaelpeltier/Desktop/OpenClassrooms/PROJET_4/TomTroc/index.php(22): App\Core\Router->dispatch('GET', '/.well-known/ap...')
#1 {main}[2026-04-01 15:23:52] La page demandée n'existe pas. in /Users/michaelpeltier/Desktop/OpenClassrooms/PROJET_4/TomTroc/App/Core/Router.php:141
#0 /Users/michaelpeltier/Desktop/OpenClassrooms/PROJET_4/TomTroc/index.php(22): App\Core\Router->dispatch('GET', '/.well-known/ap...')
#1 {main}[2026-04-01 15:24:28] La page demandée n'existe pas. in /Users/michaelpeltier/Desktop/OpenClassrooms/PROJET_4/TomTroc/App/Core/Router.php:141
#0 /Users/michaelpeltier/Desktop/OpenClassrooms/PROJET_4/TomTroc/index.php(22): App\Core\Router->dispatch('GET', '/.well-known/ap...')
#1 {main}[2026-04-01 15:25:00] La page demandée n'existe pas. in /Users/michaelpeltier/Desktop/OpenClassrooms/PROJET_4/TomTroc/App/Core/Router.php:141
#0 /Users/michaelpeltier/Desktop/OpenClassrooms/PROJET_4/TomTroc/index.php(22): App\Core\Router->dispatch('GET', '/.well-known/ap...')
#1 {main}[2026-04-01 15:25:33] La page demandée n'existe pas. in /Users/michaelpeltier/Desktop/OpenClassrooms/PROJET_4/TomTroc/App/Core/Router.php:141
#0 /Users/michaelpeltier/Desktop/OpenClassrooms/PROJET_4/TomTroc/index.php(22): App\Core\Router->dispatch('GET', '/.well-known/ap...')
#1 {main}[2026-04-01 15:26:08] La page demandée n'existe pas. in /Users/michaelpeltier/Desktop/OpenClassrooms/PROJET_4/TomTroc/App/Core/Router.php:141
#0 /Users/michaelpeltier/Desktop/OpenClassrooms/PROJET_4/TomTroc/index.php(22): App\Core\Router->dispatch('GET', '/.well-known/ap...')
#1 {main}[2026-04-01 15:26:19] La page demandée n'existe pas. in /Users/michaelpeltier/Desktop/OpenClassrooms/PROJET_4/TomTroc/App/Core/Router.php:141
#0 /Users/michaelpeltier/Desktop/OpenClassrooms/PROJET_4/TomTroc/index.php(22): App\Core\Router->dispatch('GET', '/.well-known/ap...')
#1 {main}[2026-04-01 15:26:38] La page demandée n'existe pas. in /Users/michaelpeltier/Desktop/OpenClassrooms/PROJET_4/TomTroc/App/Core/Router.php:141
#0 /Users/michaelpeltier/Desktop/OpenClassrooms/PROJET_4/TomTroc/index.php(22): App\Core\Router->dispatch('GET', '/.well-known/ap...')
#1 {main}[2026-04-01 15:28:33] La page demandée n'existe pas. in /Users/michaelpeltier/Desktop/OpenClassrooms/PROJET_4/TomTroc/App/Core/Router.php:141
#0 /Users/michaelpeltier/Desktop/OpenClassrooms/PROJET_4/TomTroc/index.php(22): App\Core\Router->dispatch('GET', '/.well-known/ap...')
#1 {main}[2026-04-01 15:28:50] La page demandée n'existe pas. in /Users/michaelpeltier/Desktop/OpenClassrooms/PROJET_4/TomTroc/App/Core/Router.php:141
#0 /Users/michaelpeltier/Desktop/OpenClassrooms/PROJET_4/TomTroc/index.php(22): App\Core\Router->dispatch('GET', '/.well-known/ap...')
#1 {main}[2026-04-01 15:29:37] La page demandée n'existe pas. in /Users/michaelpeltier/Desktop/OpenClassrooms/PROJET_4/TomTroc/App/Core/Router.php:141
#0 /Users/michaelpeltier/Desktop/OpenClassrooms/PROJET_4/TomTroc/index.php(22): App\Core\Router->dispatch('GET', '/.well-known/ap...')
#1 {main}[2026-04-01 15:29:43] La page demandée n'existe pas. in /Users/michaelpeltier/Desktop/OpenClassrooms/PROJET_4/TomTroc/App/Core/Router.php:141
#0 /Users/michaelpeltier/Desktop/OpenClassrooms/PROJET_4/TomTroc/index.php(22): App\Core\Router->dispatch('GET', '/.well-known/ap...')
#1 {main}[2026-04-01 15:29:50] La page demandée n'existe pas. in /Users/michaelpeltier/Desktop/OpenClassrooms/PROJET_4/TomTroc/App/Core/Router.php:141
#0 /Users/michaelpeltier/Desktop/OpenClassrooms/PROJET_4/TomTroc/index.php(22): App\Core\Router->dispatch('GET', '/.well-known/ap...')
#1 {main}[2026-04-01 15:29:51] La page demandée n'existe pas. in /Users/michaelpeltier/Desktop/OpenClassrooms/PROJET_4/TomTroc/App/Core/Router.php:141
#0 /Users/michaelpeltier/Desktop/OpenClassrooms/PROJET_4/TomTroc/index.php(22): App\Core\Router->dispatch('GET', '/.well-known/ap...')
#1 {main}[2026-04-01 15:29:58] La page demandée n'existe pas. in /Users/michaelpeltier/Desktop/OpenClassrooms/PROJET_4/TomTroc/App/Core/Router.php:141
#0 /Users/michaelpeltier/Desktop/OpenClassrooms/PROJET_4/TomTroc/index.php(22): App\Core\Router->dispatch('GET', '/.well-known/ap...')
#1 {main}[2026-04-01 15:30:15] La page demandée n'existe pas. in /Users/michaelpeltier/Desktop/OpenClassrooms/PROJET_4/TomTroc/App/Core/Router.php:141
#0 /Users/michaelpeltier/Desktop/OpenClassrooms/PROJET_4/TomTroc/index.php(22): App\Core\Router->dispatch('GET', '/.well-known/ap...')
#1 {main}[2026-04-01 15:31:24] La page demandée n'existe pas. in /Users/michaelpeltier/Desktop/OpenClassrooms/PROJET_4/TomTroc/App/Core/Router.php:141
#0 /Users/michaelpeltier/Desktop/OpenClassrooms/PROJET_4/TomTroc/index.php(22): App\Core\Router->dispatch('GET', '/.well-known/ap...')
#1 {main}[2026-04-01 15:31:50] La page demandée n'existe pas. in /Users/michaelpeltier/Desktop/OpenClassrooms/PROJET_4/TomTroc/App/Core/Router.php:141
#0 /Users/michaelpeltier/Desktop/OpenClassrooms/PROJET_4/TomTroc/index.php(22): App\Core\Router->dispatch('GET', '/.well-known/ap...')
#1 {main}[2026-04-01 15:34:02] La page demandée n'existe pas. in /Users/michaelpeltier/Desktop/OpenClassrooms/PROJET_4/TomTroc/App/Core/Router.php:141
#0 /Users/michaelpeltier/Desktop/OpenClassrooms/PROJET_4/TomTroc/index.php(22): App\Core\Router->dispatch('GET', '/.well-known/ap...')
#1 {main}[2026-04-01 15:34:14] La page demandée n'existe pas. in /Users/michaelpeltier/Desktop/OpenClassrooms/PROJET_4/TomTroc/App/Core/Router.php:141
#0 /Users/michaelpeltier/Desktop/OpenClassrooms/PROJET_4/TomTroc/index.php(22): App\Core\Router->dispatch('GET', '/.well-known/ap...')
#1 {main}[2026-04-01 15:34:33] La page demandée n'existe pas. in /Users/michaelpeltier/Desktop/OpenClassrooms/PROJET_4/TomTroc/App/Core/Router.php:141
#0 /Users/michaelpeltier/Desktop/OpenClassrooms/PROJET_4/TomTroc/index.php(22): App\Core\Router->dispatch('GET', '/.well-known/ap...')
#1 {main}[2026-04-01 15:35:20] La page demandée n'existe pas. in /Users/michaelpeltier/Desktop/OpenClassrooms/PROJET_4/TomTroc/App/Core/Router.php:141
#0 /Users/michaelpeltier/Desktop/OpenClassrooms/PROJET_4/TomTroc/index.php(22): App\Core\Router->dispatch('GET', '/.well-known/ap...')
#1 {main}[2026-04-01 15:35:34] La page demandée n'existe pas. in /Users/michaelpeltier/Desktop/OpenClassrooms/PROJET_4/TomTroc/App/Core/Router.php:141
#0 /Users/michaelpeltier/Desktop/OpenClassrooms/PROJET_4/TomTroc/index.php(22): App\Core\Router->dispatch('GET', '/.well-known/ap...')
#1 {main}[2026-04-01 15:35:45] La page demandée n'existe pas. in /Users/michaelpeltier/Desktop/OpenClassrooms/PROJET_4/TomTroc/App/Core/Router.php:141
#0 /Users/michaelpeltier/Desktop/OpenClassrooms/PROJET_4/TomTroc/index.php(22): App\Core\Router->dispatch('GET', '/.well-known/ap...')
#1 {main}[2026-04-01 15:35:47] La page demandée n'existe pas. in /Users/michaelpeltier/Desktop/OpenClassrooms/PROJET_4/TomTroc/App/Core/Router.php:141
#0 /Users/michaelpeltier/Desktop/OpenClassrooms/PROJET_4/TomTroc/index.php(22): App\Core\Router->dispatch('GET', '/.well-known/ap...')
#1 {main}[2026-04-01 15:35:49] La page demandée n'existe pas. in /Users/michaelpeltier/Desktop/OpenClassrooms/PROJET_4/TomTroc/App/Core/Router.php:141
#0 /Users/michaelpeltier/Desktop/OpenClassrooms/PROJET_4/TomTroc/index.php(22): App\Core\Router->dispatch('GET', '/.well-known/ap...')
#1 {main}[2026-04-01 15:35:50] La page demandée n'existe pas. in /Users/michaelpeltier/Desktop/OpenClassrooms/PROJET_4/TomTroc/App/Core/Router.php:141
#0 /Users/michaelpeltier/Desktop/OpenClassrooms/PROJET_4/TomTroc/index.php(22): App\Core\Router->dispatch('GET', '/.well-known/ap...')
#1 {main}[2026-04-01 15:35:51] La page demandée n'existe pas. in /Users/michaelpeltier/Desktop/OpenClassrooms/PROJET_4/TomTroc/App/Core/Router.php:141
#0 /Users/michaelpeltier/Desktop/OpenClassrooms/PROJET_4/TomTroc/index.php(22): App\Core\Router->dispatch('GET', '/.well-known/ap...')
#1 {main}[2026-04-01 15:35:51] La page demandée n'existe pas. in /Users/michaelpeltier/Desktop/OpenClassrooms/PROJET_4/TomTroc/App/Core/Router.php:141
#0 /Users/michaelpeltier/Desktop/OpenClassrooms/PROJET_4/TomTroc/index.php(22): App\Core\Router->dispatch('GET', '/.well-known/ap...')
#1 {main}[2026-04-01 15:35:51] La page demandée n'existe pas. in /Users/michaelpeltier/Desktop/OpenClassrooms/PROJET_4/TomTroc/App/Core/Router.php:141
#0 /Users/michaelpeltier/Desktop/OpenClassrooms/PROJET_4/TomTroc/index.php(22): App\Core\Router->dispatch('GET', '/.well-known/ap...')
#1 {main}[2026-04-01 15:35:52] La page demandée n'existe pas. in /Users/michaelpeltier/Desktop/OpenClassrooms/PROJET_4/TomTroc/App/Core/Router.php:141
#0 /Users/michaelpeltier/Desktop/OpenClassrooms/PROJET_4/TomTroc/index.php(22): App\Core\Router->dispatch('GET', '/.well-known/ap...')
#1 {main}[2026-04-01 15:35:52] La page demandée n'existe pas. in /Users/michaelpeltier/Desktop/OpenClassrooms/PROJET_4/TomTroc/App/Core/Router.php:141
#0 /Users/michaelpeltier/Desktop/OpenClassrooms/PROJET_4/TomTroc/index.php(22): App\Core\Router->dispatch('GET', '/.well-known/ap...')
#1 {main}[2026-04-01 15:35:52] La page demandée n'existe pas. in /Users/michaelpeltier/Desktop/OpenClassrooms/PROJET_4/TomTroc/App/Core/Router.php:141
#0 /Users/michaelpeltier/Desktop/OpenClassrooms/PROJET_4/TomTroc/index.php(22): App\Core\Router->dispatch('GET', '/.well-known/ap...')
#1 {main}[2026-04-01 15:35:58] La page demandée n'existe pas. in /Users/michaelpeltier/Desktop/OpenClassrooms/PROJET_4/TomTroc/App/Core/Router.php:141
#0 /Users/michaelpeltier/Desktop/OpenClassrooms/PROJET_4/TomTroc/index.php(22): App\Core\Router->dispatch('GET', '/.well-known/ap...')
#1 {main}[2026-04-01 15:36:33] La page demandée n'existe pas. in /Users/michaelpeltier/Desktop/OpenClassrooms/PROJET_4/TomTroc/App/Core/Router.php:141
#0 /Users/michaelpeltier/Desktop/OpenClassrooms/PROJET_4/TomTroc/index.php(22): App\Core\Router->dispatch('GET', '/.well-known/ap...')
#1 {main}[2026-04-01 15:37:06] La page demandée n'existe pas. in /Users/michaelpeltier/Desktop/OpenClassrooms/PROJET_4/TomTroc/App/Core/Router.php:141
#0 /Users/michaelpeltier/Desktop/OpenClassrooms/PROJET_4/TomTroc/index.php(22): App\Core\Router->dispatch('GET', '/.well-known/ap...')
#1 {main}[2026-04-01 15:38:11] La page demandée n'existe pas. in /Users/michaelpeltier/Desktop/OpenClassrooms/PROJET_4/TomTroc/App/Core/Router.php:141
#0 /Users/michaelpeltier/Desktop/OpenClassrooms/PROJET_4/TomTroc/index.php(22): App\Core\Router->dispatch('GET', '/.well-known/ap...')
#1 {main}[2026-04-01 15:38:27] La page demandée n'existe pas. in /Users/michaelpeltier/Desktop/OpenClassrooms/PROJET_4/TomTroc/App/Core/Router.php:141
#0 /Users/michaelpeltier/Desktop/OpenClassrooms/PROJET_4/TomTroc/index.php(22): App\Core\Router->dispatch('GET', '/.well-known/ap...')
#1 {main}[2026-04-01 15:39:12] La page demandée n'existe pas. in /Users/michaelpeltier/Desktop/OpenClassrooms/PROJET_4/TomTroc/App/Core/Router.php:141
#0 /Users/michaelpeltier/Desktop/OpenClassrooms/PROJET_4/TomTroc/index.php(22): App\Core\Router->dispatch('GET', '/.well-known/ap...')
#1 {main}[2026-04-01 15:40:06] La page demandée n'existe pas. in /Users/michaelpeltier/Desktop/OpenClassrooms/PROJET_4/TomTroc/App/Core/Router.php:141
#0 /Users/michaelpeltier/Desktop/OpenClassrooms/PROJET_4/TomTroc/index.php(22): App\Core\Router->dispatch('GET', '/.well-known/ap...')
#1 {main}[2026-04-01 15:40:14] La page demandée n'existe pas. in /Users/michaelpeltier/Desktop/OpenClassrooms/PROJET_4/TomTroc/App/Core/Router.php:141
#0 /Users/michaelpeltier/Desktop/OpenClassrooms/PROJET_4/TomTroc/index.php(22): App\Core\Router->dispatch('GET', '/.well-known/ap...')
#1 {main}[2026-04-01 15:40:32] La page demandée n'existe pas. in /Users/michaelpeltier/Desktop/OpenClassrooms/PROJET_4/TomTroc/App/Core/Router.php:141
#0 /Users/michaelpeltier/Desktop/OpenClassrooms/PROJET_4/TomTroc/index.php(22): App\Core\Router->dispatch('GET', '/.well-known/ap...')
#1 {main}[2026-04-01 15:41:26] La page demandée n'existe pas. in /Users/michaelpeltier/Desktop/OpenClassrooms/PROJET_4/TomTroc/App/Core/Router.php:141
#0 /Users/michaelpeltier/Desktop/OpenClassrooms/PROJET_4/TomTroc/index.php(22): App\Core\Router->dispatch('GET', '/.well-known/ap...')
#1 {main}[2026-04-01 15:42:49] La page demandée n'existe pas. in /Users/michaelpeltier/Desktop/OpenClassrooms/PROJET_4/TomTroc/App/Core/Router.php:141
#0 /Users/michaelpeltier/Desktop/OpenClassrooms/PROJET_4/TomTroc/index.php(22): App\Core\Router->dispatch('GET', '/.well-known/ap...')
#1 {main}[2026-04-01 15:43:24] La page demandée n'existe pas. in /Users/michaelpeltier/Desktop/OpenClassrooms/PROJET_4/TomTroc/App/Core/Router.php:141
#0 /Users/michaelpeltier/Desktop/OpenClassrooms/PROJET_4/TomTroc/index.php(22): App\Core\Router->dispatch('GET', '/.well-known/ap...')
#1 {main}[2026-04-01 15:43:48] La page demandée n'existe pas. in /Users/michaelpeltier/Desktop/OpenClassrooms/PROJET_4/TomTroc/App/Core/Router.php:141
#0 /Users/michaelpeltier/Desktop/OpenClassrooms/PROJET_4/TomTroc/index.php(22): App\Core\Router->dispatch('GET', '/.well-known/ap...')
#1 {main}[2026-04-01 15:44:22] La page demandée n'existe pas. in /Users/michaelpeltier/Desktop/OpenClassrooms/PROJET_4/TomTroc/App/Core/Router.php:141
#0 /Users/michaelpeltier/Desktop/OpenClassrooms/PROJET_4/TomTroc/index.php(22): App\Core\Router->dispatch('GET', '/.well-known/ap...')
#1 {main}[2026-04-01 15:45:21] La page demandée n'existe pas. in /Users/michaelpeltier/Desktop/OpenClassrooms/PROJET_4/TomTroc/App/Core/Router.php:141
#0 /Users/michaelpeltier/Desktop/OpenClassrooms/PROJET_4/TomTroc/index.php(22): App\Core\Router->dispatch('GET', '/.well-known/ap...')
#1 {main}[2026-04-01 15:46:36] La page demandée n'existe pas. in /Users/michaelpeltier/Desktop/OpenClassrooms/PROJET_4/TomTroc/App/Core/Router.php:141
#0 /Users/michaelpeltier/Desktop/OpenClassrooms/PROJET_4/TomTroc/index.php(22): App\Core\Router->dispatch('GET', '/.well-known/ap...')
#1 {main}[2026-04-01 15:46:58] La page demandée n'existe pas. in /Users/michaelpeltier/Desktop/OpenClassrooms/PROJET_4/TomTroc/App/Core/Router.php:141
#0 /Users/michaelpeltier/Desktop/OpenClassrooms/PROJET_4/TomTroc/index.php(22): App\Core\Router->dispatch('GET', '/.well-known/ap...')
#1 {main}[2026-04-01 15:47:13] La page demandée n'existe pas. in /Users/michaelpeltier/Desktop/OpenClassrooms/PROJET_4/TomTroc/App/Core/Router.php:141
#0 /Users/michaelpeltier/Desktop/OpenClassrooms/PROJET_4/TomTroc/index.php(22): App\Core\Router->dispatch('GET', '/.well-known/ap...')
#1 {main}[2026-04-01 15:47:35] La page demandée n'existe pas. in /Users/michaelpeltier/Desktop/OpenClassrooms/PROJET_4/TomTroc/App/Core/Router.php:141
#0 /Users/michaelpeltier/Desktop/OpenClassrooms/PROJET_4/TomTroc/index.php(22): App\Core\Router->dispatch('GET', '/.well-known/ap...')
#1 {main}[2026-04-01 15:47:58] La page demandée n'existe pas. in /Users/michaelpeltier/Desktop/OpenClassrooms/PROJET_4/TomTroc/App/Core/Router.php:141
#0 /Users/michaelpeltier/Desktop/OpenClassrooms/PROJET_4/TomTroc/index.php(22): App\Core\Router->dispatch('GET', '/.well-known/ap...')
#1 {main}[2026-04-01 15:49:50] La page demandée n'existe pas. in /Users/michaelpeltier/Desktop/OpenClassrooms/PROJET_4/TomTroc/App/Core/Router.php:141
#0 /Users/michaelpeltier/Desktop/OpenClassrooms/PROJET_4/TomTroc/index.php(22): App\Core\Router->dispatch('GET', '/.well-known/ap...')
#1 {main}[2026-04-01 15:50:04] La page demandée n'existe pas. in /Users/michaelpeltier/Desktop/OpenClassrooms/PROJET_4/TomTroc/App/Core/Router.php:141
#0 /Users/michaelpeltier/Desktop/OpenClassrooms/PROJET_4/TomTroc/index.php(22): App\Core\Router->dispatch('GET', '/.well-known/ap...')
#1 {main}[2026-04-01 15:50:49] La page demandée n'existe pas. in /Users/michaelpeltier/Desktop/OpenClassrooms/PROJET_4/TomTroc/App/Core/Router.php:141
#0 /Users/michaelpeltier/Desktop/OpenClassrooms/PROJET_4/TomTroc/index.php(22): App\Core\Router->dispatch('GET', '/.well-known/ap...')
#1 {main}[2026-04-01 15:51:30] La page demandée n'existe pas. in /Users/michaelpeltier/Desktop/OpenClassrooms/PROJET_4/TomTroc/App/Core/Router.php:141
#0 /Users/michaelpeltier/Desktop/OpenClassrooms/PROJET_4/TomTroc/index.php(22): App\Core\Router->dispatch('GET', '/.well-known/ap...')
#1 {main}[2026-04-01 15:52:09] La page demandée n'existe pas. in /Users/michaelpeltier/Desktop/OpenClassrooms/PROJET_4/TomTroc/App/Core/Router.php:141
#0 /Users/michaelpeltier/Desktop/OpenClassrooms/PROJET_4/TomTroc/index.php(22): App\Core\Router->dispatch('GET', '/.well-known/ap...')
#1 {main}[2026-04-01 15:52:33] La page demandée n'existe pas. in /Users/michaelpeltier/Desktop/OpenClassrooms/PROJET_4/TomTroc/App/Core/Router.php:141
#0 /Users/michaelpeltier/Desktop/OpenClassrooms/PROJET_4/TomTroc/index.php(22): App\Core\Router->dispatch('GET', '/.well-known/ap...')
#1 {main}[2026-04-01 15:53:33] La page demandée n'existe pas. in /Users/michaelpeltier/Desktop/OpenClassrooms/PROJET_4/TomTroc/App/Core/Router.php:141
#0 /Users/michaelpeltier/Desktop/OpenClassrooms/PROJET_4/TomTroc/index.php(22): App\Core\Router->dispatch('GET', '/.well-known/ap...')
#1 {main}[2026-04-01 15:55:29] La page demandée n'existe pas. in /Users/michaelpeltier/Desktop/OpenClassrooms/PROJET_4/TomTroc/App/Core/Router.php:141
#0 /Users/michaelpeltier/Desktop/OpenClassrooms/PROJET_4/TomTroc/index.php(22): App\Core\Router->dispatch('GET', '/.well-known/ap...')
#1 {main}[2026-04-01 15:55:36] La page demandée n'existe pas. in /Users/michaelpeltier/Desktop/OpenClassrooms/PROJET_4/TomTroc/App/Core/Router.php:141
#0 /Users/michaelpeltier/Desktop/OpenClassrooms/PROJET_4/TomTroc/index.php(22): App\Core\Router->dispatch('GET', '/.well-known/ap...')
#1 {main}[2026-04-01 15:56:07] La page demandée n'existe pas. in /Users/michaelpeltier/Desktop/OpenClassrooms/PROJET_4/TomTroc/App/Core/Router.php:141
#0 /Users/michaelpeltier/Desktop/OpenClassrooms/PROJET_4/TomTroc/index.php(22): App\Core\Router->dispatch('GET', '/.well-known/ap...')
#1 {main}[2026-04-01 15:56:26] La page demandée n'existe pas. in /Users/michaelpeltier/Desktop/OpenClassrooms/PROJET_4/TomTroc/App/Core/Router.php:141
#0 /Users/michaelpeltier/Desktop/OpenClassrooms/PROJET_4/TomTroc/index.php(22): App\Core\Router->dispatch('GET', '/.well-known/ap...')
#1 {main}[2026-04-01 15:56:57] La page demandée n'existe pas. in /Users/michaelpeltier/Desktop/OpenClassrooms/PROJET_4/TomTroc/App/Core/Router.php:141
#0 /Users/michaelpeltier/Desktop/OpenClassrooms/PROJET_4/TomTroc/index.php(22): App\Core\Router->dispatch('GET', '/.well-known/ap...')
#1 {main}[2026-04-01 15:57:12] La page demandée n'existe pas. in /Users/michaelpeltier/Desktop/OpenClassrooms/PROJET_4/TomTroc/App/Core/Router.php:141
#0 /Users/michaelpeltier/Desktop/OpenClassrooms/PROJET_4/TomTroc/index.php(22): App\Core\Router->dispatch('GET', '/.well-known/ap...')
#1 {main}[2026-04-01 15:57:44] La page demandée n'existe pas. in /Users/michaelpeltier/Desktop/OpenClassrooms/PROJET_4/TomTroc/App/Core/Router.php:141
#0 /Users/michaelpeltier/Desktop/OpenClassrooms/PROJET_4/TomTroc/index.php(22): App\Core\Router->dispatch('GET', '/.well-known/ap...')
#1 {main}[2026-04-01 15:58:20] La page demandée n'existe pas. in /Users/michaelpeltier/Desktop/OpenClassrooms/PROJET_4/TomTroc/App/Core/Router.php:141
#0 /Users/michaelpeltier/Desktop/OpenClassrooms/PROJET_4/TomTroc/index.php(22): App\Core\Router->dispatch('GET', '/.well-known/ap...')
#1 {main}[2026-04-01 15:59:02] La page demandée n'existe pas. in /Users/michaelpeltier/Desktop/OpenClassrooms/PROJET_4/TomTroc/App/Core/Router.php:141
#0 /Users/michaelpeltier/Desktop/OpenClassrooms/PROJET_4/TomTroc/index.php(22): App\Core\Router->dispatch('GET', '/.well-known/ap...')
#1 {main}[2026-04-01 15:59:22] La page demandée n'existe pas. in /Users/michaelpeltier/Desktop/OpenClassrooms/PROJET_4/TomTroc/App/Core/Router.php:141
#0 /Users/michaelpeltier/Desktop/OpenClassrooms/PROJET_4/TomTroc/index.php(22): App\Core\Router->dispatch('GET', '/.well-known/ap...')
#1 {main}[2026-04-01 15:59:37] La page demandée n'existe pas. in /Users/michaelpeltier/Desktop/OpenClassrooms/PROJET_4/TomTroc/App/Core/Router.php:141
#0 /Users/michaelpeltier/Desktop/OpenClassrooms/PROJET_4/TomTroc/index.php(22): App\Core\Router->dispatch('GET', '/.well-known/ap...')
#1 {main}[2026-04-01 16:00:44] La page demandée n'existe pas. in /Users/michaelpeltier/Desktop/OpenClassrooms/PROJET_4/TomTroc/App/Core/Router.php:141
#0 /Users/michaelpeltier/Desktop/OpenClassrooms/PROJET_4/TomTroc/index.php(22): App\Core\Router->dispatch('GET', '/.well-known/ap...')
#1 {main}[2026-04-01 16:00:56] La page demandée n'existe pas. in /Users/michaelpeltier/Desktop/OpenClassrooms/PROJET_4/TomTroc/App/Core/Router.php:141
#0 /Users/michaelpeltier/Desktop/OpenClassrooms/PROJET_4/TomTroc/index.php(22): App\Core\Router->dispatch('GET', '/.well-known/ap...')
#1 {main}[2026-04-01 16:01:17] La page demandée n'existe pas. in /Users/michaelpeltier/Desktop/OpenClassrooms/PROJET_4/TomTroc/App/Core/Router.php:141
#0 /Users/michaelpeltier/Desktop/OpenClassrooms/PROJET_4/TomTroc/index.php(22): App\Core\Router->dispatch('GET', '/.well-known/ap...')
#1 {main}[2026-04-01 16:01:27] La page demandée n'existe pas. in /Users/michaelpeltier/Desktop/OpenClassrooms/PROJET_4/TomTroc/App/Core/Router.php:141
#0 /Users/michaelpeltier/Desktop/OpenClassrooms/PROJET_4/TomTroc/index.php(22): App\Core\Router->dispatch('GET', '/.well-known/ap...')
#1 {main}[2026-04-01 16:01:34] La page demandée n'existe pas. in /Users/michaelpeltier/Desktop/OpenClassrooms/PROJET_4/TomTroc/App/Core/Router.php:141
#0 /Users/michaelpeltier/Desktop/OpenClassrooms/PROJET_4/TomTroc/index.php(22): App\Core\Router->dispatch('GET', '/.well-known/ap...')
#1 {main}[2026-04-01 16:01:55] La page demandée n'existe pas. in /Users/michaelpeltier/Desktop/OpenClassrooms/PROJET_4/TomTroc/App/Core/Router.php:141
#0 /Users/michaelpeltier/Desktop/OpenClassrooms/PROJET_4/TomTroc/index.php(22): App\Core\Router->dispatch('GET', '/.well-known/ap...')
#1 {main}[2026-04-01 16:02:06] La page demandée n'existe pas. in /Users/michaelpeltier/Desktop/OpenClassrooms/PROJET_4/TomTroc/App/Core/Router.php:141
#0 /Users/michaelpeltier/Desktop/OpenClassrooms/PROJET_4/TomTroc/index.php(22): App\Core\Router->dispatch('GET', '/.well-known/ap...')
#1 {main}[2026-04-01 16:02:19] La page demandée n'existe pas. in /Users/michaelpeltier/Desktop/OpenClassrooms/PROJET_4/TomTroc/App/Core/Router.php:141
#0 /Users/michaelpeltier/Desktop/OpenClassrooms/PROJET_4/TomTroc/index.php(22): App\Core\Router->dispatch('GET', '/.well-known/ap...')
#1 {main}[2026-04-01 16:02:49] La page demandée n'existe pas. in /Users/michaelpeltier/Desktop/OpenClassrooms/PROJET_4/TomTroc/App/Core/Router.php:141
#0 /Users/michaelpeltier/Desktop/OpenClassrooms/PROJET_4/TomTroc/index.php(22): App\Core\Router->dispatch('GET', '/.well-known/ap...')
#1 {main}[2026-04-01 16:02:58] La page demandée n'existe pas. in /Users/michaelpeltier/Desktop/OpenClassrooms/PROJET_4/TomTroc/App/Core/Router.php:141
#0 /Users/michaelpeltier/Desktop/OpenClassrooms/PROJET_4/TomTroc/index.php(22): App\Core\Router->dispatch('GET', '/.well-known/ap...')
#1 {main}[2026-04-01 16:03:08] La page demandée n'existe pas. in /Users/michaelpeltier/Desktop/OpenClassrooms/PROJET_4/TomTroc/App/Core/Router.php:141
#0 /Users/michaelpeltier/Desktop/OpenClassrooms/PROJET_4/TomTroc/index.php(22): App\Core\Router->dispatch('GET', '/.well-known/ap...')
#1 {main}[2026-04-01 16:04:07] La page demandée n'existe pas. in /Users/michaelpeltier/Desktop/OpenClassrooms/PROJET_4/TomTroc/App/Core/Router.php:141
#0 /Users/michaelpeltier/Desktop/OpenClassrooms/PROJET_4/TomTroc/index.php(22): App\Core\Router->dispatch('GET', '/.well-known/ap...')
#1 {main}[2026-04-01 16:04:14] La page demandée n'existe pas. in /Users/michaelpeltier/Desktop/OpenClassrooms/PROJET_4/TomTroc/App/Core/Router.php:141
#0 /Users/michaelpeltier/Desktop/OpenClassrooms/PROJET_4/TomTroc/index.php(22): App\Core\Router->dispatch('GET', '/.well-known/ap...')
#1 {main}[2026-04-01 16:04:50] La page demandée n'existe pas. in /Users/michaelpeltier/Desktop/OpenClassrooms/PROJET_4/TomTroc/App/Core/Router.php:141
#0 /Users/michaelpeltier/Desktop/OpenClassrooms/PROJET_4/TomTroc/index.php(22): App\Core\Router->dispatch('GET', '/.well-known/ap...')
#1 {main}[2026-04-01 16:06:29] La page demandée n'existe pas. in /Users/michaelpeltier/Desktop/OpenClassrooms/PROJET_4/TomTroc/App/Core/Router.php:141
#0 /Users/michaelpeltier/Desktop/OpenClassrooms/PROJET_4/TomTroc/index.php(22): App\Core\Router->dispatch('GET', '/.well-known/ap...')
#1 {main}[2026-04-01 16:06:44] La page demandée n'existe pas. in /Users/michaelpeltier/Desktop/OpenClassrooms/PROJET_4/TomTroc/App/Core/Router.php:141
#0 /Users/michaelpeltier/Desktop/OpenClassrooms/PROJET_4/TomTroc/index.php(22): App\Core\Router->dispatch('GET', '/.well-known/ap...')
#1 {main}[2026-04-01 16:07:48] La page demandée n'existe pas. in /Users/michaelpeltier/Desktop/OpenClassrooms/PROJET_4/TomTroc/App/Core/Router.php:141
#0 /Users/michaelpeltier/Desktop/OpenClassrooms/PROJET_4/TomTroc/index.php(22): App\Core\Router->dispatch('GET', '/.well-known/ap...')
#1 {main}[2026-04-01 16:08:15] La page demandée n'existe pas. in /Users/michaelpeltier/Desktop/OpenClassrooms/PROJET_4/TomTroc/App/Core/Router.php:141
#0 /Users/michaelpeltier/Desktop/OpenClassrooms/PROJET_4/TomTroc/index.php(22): App\Core\Router->dispatch('GET', '/.well-known/ap...')
#1 {main}[2026-04-01 16:08:34] La page demandée n'existe pas. in /Users/michaelpeltier/Desktop/OpenClassrooms/PROJET_4/TomTroc/App/Core/Router.php:141
#0 /Users/michaelpeltier/Desktop/OpenClassrooms/PROJET_4/TomTroc/index.php(22): App\Core\Router->dispatch('GET', '/.well-known/ap...')
#1 {main}[2026-04-01 16:08:34] La page demandée n'existe pas. in /Users/michaelpeltier/Desktop/OpenClassrooms/PROJET_4/TomTroc/App/Core/Router.php:141
#0 /Users/michaelpeltier/Desktop/OpenClassrooms/PROJET_4/TomTroc/index.php(22): App\Core\Router->dispatch('GET', '/.well-known/ap...')
#1 {main}[2026-04-01 16:09:09] La page demandée n'existe pas. in /Users/michaelpeltier/Desktop/OpenClassrooms/PROJET_4/TomTroc/App/Core/Router.php:141
#0 /Users/michaelpeltier/Desktop/OpenClassrooms/PROJET_4/TomTroc/index.php(22): App\Core\Router->dispatch('GET', '/.well-known/ap...')
#1 {main}[2026-04-01 16:09:33] La page demandée n'existe pas. in /Users/michaelpeltier/Desktop/OpenClassrooms/PROJET_4/TomTroc/App/Core/Router.php:141
#0 /Users/michaelpeltier/Desktop/OpenClassrooms/PROJET_4/TomTroc/index.php(22): App\Core\Router->dispatch('GET', '/.well-known/ap...')
#1 {main}[2026-04-01 16:09:50] La page demandée n'existe pas. in /Users/michaelpeltier/Desktop/OpenClassrooms/PROJET_4/TomTroc/App/Core/Router.php:141
#0 /Users/michaelpeltier/Desktop/OpenClassrooms/PROJET_4/TomTroc/index.php(22): App\Core\Router->dispatch('GET', '/.well-known/ap...')
#1 {main}[2026-04-01 17:10:37] La page demandée n'existe pas. in /Users/michaelpeltier/Desktop/OpenClassrooms/PROJET_4/TomTroc/App/Core/Router.php:141
#0 /Users/michaelpeltier/Desktop/OpenClassrooms/PROJET_4/TomTroc/index.php(22): App\Core\Router->dispatch('GET', '/.well-known/ap...')
#1 {main}[2026-04-01 17:11:34] La page demandée n'existe pas. in /Users/michaelpeltier/Desktop/OpenClassrooms/PROJET_4/TomTroc/App/Core/Router.php:141
#0 /Users/michaelpeltier/Desktop/OpenClassrooms/PROJET_4/TomTroc/index.php(22): App\Core\Router->dispatch('GET', '/.well-known/ap...')
#1 {main}[2026-04-01 17:11:56] La page demandée n'existe pas. in /Users/michaelpeltier/Desktop/OpenClassrooms/PROJET_4/TomTroc/App/Core/Router.php:141
#0 /Users/michaelpeltier/Desktop/OpenClassrooms/PROJET_4/TomTroc/index.php(22): App\Core\Router->dispatch('GET', '/.well-known/ap...')
#1 {main}[2026-04-01 17:12:38] La page demandée n'existe pas. in /Users/michaelpeltier/Desktop/OpenClassrooms/PROJET_4/TomTroc/App/Core/Router.php:141
#0 /Users/michaelpeltier/Desktop/OpenClassrooms/PROJET_4/TomTroc/index.php(22): App\Core\Router->dispatch('GET', '/.well-known/ap...')
#1 {main}[2026-04-01 17:13:11] La page demandée n'existe pas. in /Users/michaelpeltier/Desktop/OpenClassrooms/PROJET_4/TomTroc/App/Core/Router.php:141
#0 /Users/michaelpeltier/Desktop/OpenClassrooms/PROJET_4/TomTroc/index.php(22): App\Core\Router->dispatch('GET', '/.well-known/ap...')
#1 {main}[2026-04-01 17:13:30] La page demandée n'existe pas. in /Users/michaelpeltier/Desktop/OpenClassrooms/PROJET_4/TomTroc/App/Core/Router.php:141
#0 /Users/michaelpeltier/Desktop/OpenClassrooms/PROJET_4/TomTroc/index.php(22): App\Core\Router->dispatch('GET', '/.well-known/ap...')
#1 {main}[2026-04-01 17:14:16] La page demandée n'existe pas. in /Users/michaelpeltier/Desktop/OpenClassrooms/PROJET_4/TomTroc/App/Core/Router.php:141
#0 /Users/michaelpeltier/Desktop/OpenClassrooms/PROJET_4/TomTroc/index.php(22): App\Core\Router->dispatch('GET', '/.well-known/ap...')
#1 {main}[2026-04-01 17:15:25] La page demandée n'existe pas. in /Users/michaelpeltier/Desktop/OpenClassrooms/PROJET_4/TomTroc/App/Core/Router.php:141
#0 /Users/michaelpeltier/Desktop/OpenClassrooms/PROJET_4/TomTroc/index.php(22): App\Core\Router->dispatch('GET', '/.well-known/ap...')
#1 {main}[2026-04-01 17:15:31] La page demandée n'existe pas. in /Users/michaelpeltier/Desktop/OpenClassrooms/PROJET_4/TomTroc/App/Core/Router.php:141
#0 /Users/michaelpeltier/Desktop/OpenClassrooms/PROJET_4/TomTroc/index.php(22): App\Core\Router->dispatch('GET', '/.well-known/ap...')
#1 {main}[2026-04-01 17:16:26] La page demandée n'existe pas. in /Users/michaelpeltier/Desktop/OpenClassrooms/PROJET_4/TomTroc/App/Core/Router.php:141
#0 /Users/michaelpeltier/Desktop/OpenClassrooms/PROJET_4/TomTroc/index.php(22): App\Core\Router->dispatch('GET', '/.well-known/ap...')
#1 {main}[2026-04-01 17:17:07] La page demandée n'existe pas. in /Users/michaelpeltier/Desktop/OpenClassrooms/PROJET_4/TomTroc/App/Core/Router.php:141
#0 /Users/michaelpeltier/Desktop/OpenClassrooms/PROJET_4/TomTroc/index.php(22): App\Core\Router->dispatch('GET', '/.well-known/ap...')
#1 {main}[2026-04-01 17:17:32] La page demandée n'existe pas. in /Users/michaelpeltier/Desktop/OpenClassrooms/PROJET_4/TomTroc/App/Core/Router.php:141
#0 /Users/michaelpeltier/Desktop/OpenClassrooms/PROJET_4/TomTroc/index.php(22): App\Core\Router->dispatch('GET', '/.well-known/ap...')
#1 {main}[2026-04-01 17:17:34] La page demandée n'existe pas. in /Users/michaelpeltier/Desktop/OpenClassrooms/PROJET_4/TomTroc/App/Core/Router.php:141
#0 /Users/michaelpeltier/Desktop/OpenClassrooms/PROJET_4/TomTroc/index.php(22): App\Core\Router->dispatch('GET', '/.well-known/ap...')
#1 {main}[2026-04-01 17:18:27] La page demandée n'existe pas. in /Users/michaelpeltier/Desktop/OpenClassrooms/PROJET_4/TomTroc/App/Core/Router.php:141
#0 /Users/michaelpeltier/Desktop/OpenClassrooms/PROJET_4/TomTroc/index.php(22): App\Core\Router->dispatch('GET', '/.well-known/ap...')
#1 {main}[2026-04-01 17:19:14] La page demandée n'existe pas. in /Users/michaelpeltier/Desktop/OpenClassrooms/PROJET_4/TomTroc/App/Core/Router.php:141
#0 /Users/michaelpeltier/Desktop/OpenClassrooms/PROJET_4/TomTroc/index.php(22): App\Core\Router->dispatch('GET', '/.well-known/ap...')
#1 {main}[2026-04-01 17:19:22] La page demandée n'existe pas. in /Users/michaelpeltier/Desktop/OpenClassrooms/PROJET_4/TomTroc/App/Core/Router.php:141
#0 /Users/michaelpeltier/Desktop/OpenClassrooms/PROJET_4/TomTroc/index.php(22): App\Core\Router->dispatch('GET', '/.well-known/ap...')
#1 {main}[2026-04-01 17:20:13] La page demandée n'existe pas. in /Users/michaelpeltier/Desktop/OpenClassrooms/PROJET_4/TomTroc/App/Core/Router.php:141
#0 /Users/michaelpeltier/Desktop/OpenClassrooms/PROJET_4/TomTroc/index.php(22): App\Core\Router->dispatch('GET', '/.well-known/ap...')
#1 {main}[2026-04-01 17:20:18] La page demandée n'existe pas. in /Users/michaelpeltier/Desktop/OpenClassrooms/PROJET_4/TomTroc/App/Core/Router.php:141
#0 /Users/michaelpeltier/Desktop/OpenClassrooms/PROJET_4/TomTroc/index.php(22): App\Core\Router->dispatch('GET', '/.well-known/ap...')
#1 {main}[2026-04-01 17:20:51] La page demandée n'existe pas. in /Users/michaelpeltier/Desktop/OpenClassrooms/PROJET_4/TomTroc/App/Core/Router.php:141
#0 /Users/michaelpeltier/Desktop/OpenClassrooms/PROJET_4/TomTroc/index.php(22): App\Core\Router->dispatch('GET', '/.well-known/ap...')
#1 {main}[2026-04-01 17:22:06] La page demandée n'existe pas. in /Users/michaelpeltier/Desktop/OpenClassrooms/PROJET_4/TomTroc/App/Core/Router.php:141
#0 /Users/michaelpeltier/Desktop/OpenClassrooms/PROJET_4/TomTroc/index.php(22): App\Core\Router->dispatch('GET', '/.well-known/ap...')
#1 {main}[2026-04-01 17:22:14] La page demandée n'existe pas. in /Users/michaelpeltier/Desktop/OpenClassrooms/PROJET_4/TomTroc/App/Core/Router.php:141
#0 /Users/michaelpeltier/Desktop/OpenClassrooms/PROJET_4/TomTroc/index.php(22): App\Core\Router->dispatch('GET', '/.well-known/ap...')
#1 {main}[2026-04-01 17:25:29] La page demandée n'existe pas. in /Users/michaelpeltier/Desktop/OpenClassrooms/PROJET_4/TomTroc/App/Core/Router.php:141
#0 /Users/michaelpeltier/Desktop/OpenClassrooms/PROJET_4/TomTroc/index.php(22): App\Core\Router->dispatch('GET', '/.well-known/ap...')
#1 {main}[2026-04-01 17:25:36] La page demandée n'existe pas. in /Users/michaelpeltier/Desktop/OpenClassrooms/PROJET_4/TomTroc/App/Core/Router.php:141
#0 /Users/michaelpeltier/Desktop/OpenClassrooms/PROJET_4/TomTroc/index.php(22): App\Core\Router->dispatch('GET', '/.well-known/ap...')
#1 {main}[2026-04-01 17:26:00] La page demandée n'existe pas. in /Users/michaelpeltier/Desktop/OpenClassrooms/PROJET_4/TomTroc/App/Core/Router.php:141
#0 /Users/michaelpeltier/Desktop/OpenClassrooms/PROJET_4/TomTroc/index.php(22): App\Core\Router->dispatch('GET', '/.well-known/ap...')
#1 {main}[2026-04-01 17:27:16] La page demandée n'existe pas. in /Users/michaelpeltier/Desktop/OpenClassrooms/PROJET_4/TomTroc/App/Core/Router.php:141
#0 /Users/michaelpeltier/Desktop/OpenClassrooms/PROJET_4/TomTroc/index.php(22): App\Core\Router->dispatch('GET', '/.well-known/ap...')
#1 {main}[2026-04-01 17:28:03] La page demandée n'existe pas. in /Users/michaelpeltier/Desktop/OpenClassrooms/PROJET_4/TomTroc/App/Core/Router.php:141
#0 /Users/michaelpeltier/Desktop/OpenClassrooms/PROJET_4/TomTroc/index.php(22): App\Core\Router->dispatch('GET', '/.well-known/ap...')
#1 {main}[2026-04-01 17:28:54] La page demandée n'existe pas. in /Users/michaelpeltier/Desktop/OpenClassrooms/PROJET_4/TomTroc/App/Core/Router.php:141
#0 /Users/michaelpeltier/Desktop/OpenClassrooms/PROJET_4/TomTroc/index.php(22): App\Core\Router->dispatch('GET', '/.well-known/ap...')
#1 {main}[2026-04-01 17:29:49] La page demandée n'existe pas. in /Users/michaelpeltier/Desktop/OpenClassrooms/PROJET_4/TomTroc/App/Core/Router.php:141
#0 /Users/michaelpeltier/Desktop/OpenClassrooms/PROJET_4/TomTroc/index.php(22): App\Core\Router->dispatch('GET', '/.well-known/ap...')
#1 {main}[2026-04-01 17:30:05] La page demandée n'existe pas. in /Users/michaelpeltier/Desktop/OpenClassrooms/PROJET_4/TomTroc/App/Core/Router.php:141
#0 /Users/michaelpeltier/Desktop/OpenClassrooms/PROJET_4/TomTroc/index.php(22): App\Core\Router->dispatch('GET', '/.well-known/ap...')
#1 {main}[2026-04-01 17:30:29] La page demandée n'existe pas. in /Users/michaelpeltier/Desktop/OpenClassrooms/PROJET_4/TomTroc/App/Core/Router.php:141
#0 /Users/michaelpeltier/Desktop/OpenClassrooms/PROJET_4/TomTroc/index.php(22): App\Core\Router->dispatch('GET', '/.well-known/ap...')
#1 {main}[2026-04-01 17:30:29] La page demandée n'existe pas. in /Users/michaelpeltier/Desktop/OpenClassrooms/PROJET_4/TomTroc/App/Core/Router.php:141
#0 /Users/michaelpeltier/Desktop/OpenClassrooms/PROJET_4/TomTroc/index.php(22): App\Core\Router->dispatch('GET', '/.well-known/ap...')
#1 {main}[2026-04-01 17:30:29] La page demandée n'existe pas. in /Users/michaelpeltier/Desktop/OpenClassrooms/PROJET_4/TomTroc/App/Core/Router.php:141
#0 /Users/michaelpeltier/Desktop/OpenClassrooms/PROJET_4/TomTroc/index.php(22): App\Core\Router->dispatch('GET', '/.well-known/ap...')
#1 {main}[2026-04-01 17:30:29] La page demandée n'existe pas. in /Users/michaelpeltier/Desktop/OpenClassrooms/PROJET_4/TomTroc/App/Core/Router.php:141
#0 /Users/michaelpeltier/Desktop/OpenClassrooms/PROJET_4/TomTroc/index.php(22): App\Core\Router->dispatch('GET', '/.well-known/ap...')
#1 {main}[2026-04-01 17:30:30] La page demandée n'existe pas. in /Users/michaelpeltier/Desktop/OpenClassrooms/PROJET_4/TomTroc/App/Core/Router.php:141
#0 /Users/michaelpeltier/Desktop/OpenClassrooms/PROJET_4/TomTroc/index.php(22): App\Core\Router->dispatch('GET', '/.well-known/ap...')
#1 {main}[2026-04-01 17:30:30] La page demandée n'existe pas. in /Users/michaelpeltier/Desktop/OpenClassrooms/PROJET_4/TomTroc/App/Core/Router.php:141
#0 /Users/michaelpeltier/Desktop/OpenClassrooms/PROJET_4/TomTroc/index.php(22): App\Core\Router->dispatch('GET', '/.well-known/ap...')
#1 {main}[2026-04-01 17:30:30] La page demandée n'existe pas. in /Users/michaelpeltier/Desktop/OpenClassrooms/PROJET_4/TomTroc/App/Core/Router.php:141
#0 /Users/michaelpeltier/Desktop/OpenClassrooms/PROJET_4/TomTroc/index.php(22): App\Core\Router->dispatch('GET', '/.well-known/ap...')
#1 {main}[2026-04-01 17:31:21] La page demandée n'existe pas. in /Users/michaelpeltier/Desktop/OpenClassrooms/PROJET_4/TomTroc/App/Core/Router.php:141
#0 /Users/michaelpeltier/Desktop/OpenClassrooms/PROJET_4/TomTroc/index.php(22): App\Core\Router->dispatch('GET', '/.well-known/ap...')
#1 {main}[2026-04-01 17:31:29] La page demandée n'existe pas. in /Users/michaelpeltier/Desktop/OpenClassrooms/PROJET_4/TomTroc/App/Core/Router.php:141
#0 /Users/michaelpeltier/Desktop/OpenClassrooms/PROJET_4/TomTroc/index.php(22): App\Core\Router->dispatch('GET', '/.well-known/ap...')
#1 {main}[2026-04-01 17:35:58] La page demandée n'existe pas. in /Users/michaelpeltier/Desktop/OpenClassrooms/PROJET_4/TomTroc/App/Core/Router.php:141
#0 /Users/michaelpeltier/Desktop/OpenClassrooms/PROJET_4/TomTroc/index.php(22): App\Core\Router->dispatch('GET', '/.well-known/ap...')
#1 {main}[2026-04-01 17:36:38] La page demandée n'existe pas. in /Users/michaelpeltier/Desktop/OpenClassrooms/PROJET_4/TomTroc/App/Core/Router.php:141
#0 /Users/michaelpeltier/Desktop/OpenClassrooms/PROJET_4/TomTroc/index.php(22): App\Core\Router->dispatch('GET', '/.well-known/ap...')
#1 {main}[2026-04-01 17:38:15] La page demandée n'existe pas. in /Users/michaelpeltier/Desktop/OpenClassrooms/PROJET_4/TomTroc/App/Core/Router.php:141
#0 /Users/michaelpeltier/Desktop/OpenClassrooms/PROJET_4/TomTroc/index.php(22): App\Core\Router->dispatch('GET', '/.well-known/ap...')
#1 {main}[2026-04-01 17:38:38] La page demandée n'existe pas. in /Users/michaelpeltier/Desktop/OpenClassrooms/PROJET_4/TomTroc/App/Core/Router.php:141
#0 /Users/michaelpeltier/Desktop/OpenClassrooms/PROJET_4/TomTroc/index.php(22): App\Core\Router->dispatch('GET', '/.well-known/ap...')
#1 {main}[2026-04-01 17:39:05] La page demandée n'existe pas. in /Users/michaelpeltier/Desktop/OpenClassrooms/PROJET_4/TomTroc/App/Core/Router.php:141
#0 /Users/michaelpeltier/Desktop/OpenClassrooms/PROJET_4/TomTroc/index.php(22): App\Core\Router->dispatch('GET', '/.well-known/ap...')
#1 {main}[2026-04-01 17:40:00] La page demandée n'existe pas. in /Users/michaelpeltier/Desktop/OpenClassrooms/PROJET_4/TomTroc/App/Core/Router.php:141
#0 /Users/michaelpeltier/Desktop/OpenClassrooms/PROJET_4/TomTroc/index.php(22): App\Core\Router->dispatch('GET', '/.well-known/ap...')
#1 {main}[2026-04-01 17:40:09] La page demandée n'existe pas. in /Users/michaelpeltier/Desktop/OpenClassrooms/PROJET_4/TomTroc/App/Core/Router.php:141
#0 /Users/michaelpeltier/Desktop/OpenClassrooms/PROJET_4/TomTroc/index.php(22): App\Core\Router->dispatch('GET', '/.well-known/ap...')
#1 {main}[2026-04-01 17:40:12] La page demandée n'existe pas. in /Users/michaelpeltier/Desktop/OpenClassrooms/PROJET_4/TomTroc/App/Core/Router.php:141
#0 /Users/michaelpeltier/Desktop/OpenClassrooms/PROJET_4/TomTroc/index.php(22): App\Core\Router->dispatch('GET', '/.well-known/ap...')
#1 {main}[2026-04-02 10:45:43] La page demandée n'existe pas. in /Users/michaelpeltier/Desktop/OpenClassrooms/PROJET_4/TomTroc/App/Core/Router.php:141
#0 /Users/michaelpeltier/Desktop/OpenClassrooms/PROJET_4/TomTroc/index.php(22): App\Core\Router->dispatch('GET', '/.well-known/ap...')
#1 {main}[2026-04-02 10:46:34] La page demandée n'existe pas. in /Users/michaelpeltier/Desktop/OpenClassrooms/PROJET_4/TomTroc/App/Core/Router.php:141
#0 /Users/michaelpeltier/Desktop/OpenClassrooms/PROJET_4/TomTroc/index.php(22): App\Core\Router->dispatch('GET', '/.well-known/ap...')
#1 {main}[2026-04-02 10:47:33] La page demandée n'existe pas. in /Users/michaelpeltier/Desktop/OpenClassrooms/PROJET_4/TomTroc/App/Core/Router.php:141
#0 /Users/michaelpeltier/Desktop/OpenClassrooms/PROJET_4/TomTroc/index.php(22): App\Core\Router->dispatch('GET', '/.well-known/ap...')
#1 {main}[2026-04-02 10:48:59] La page demandée n'existe pas. in /Users/michaelpeltier/Desktop/OpenClassrooms/PROJET_4/TomTroc/App/Core/Router.php:141
#0 /Users/michaelpeltier/Desktop/OpenClassrooms/PROJET_4/TomTroc/index.php(22): App\Core\Router->dispatch('GET', '/.well-known/ap...')
#1 {main}[2026-04-02 10:49:58] La page demandée n'existe pas. in /Users/michaelpeltier/Desktop/OpenClassrooms/PROJET_4/TomTroc/App/Core/Router.php:141
#0 /Users/michaelpeltier/Desktop/OpenClassrooms/PROJET_4/TomTroc/index.php(22): App\Core\Router->dispatch('GET', '/.well-known/ap...')
#1 {main}[2026-04-02 10:53:15] La page demandée n'existe pas. in /Users/michaelpeltier/Desktop/OpenClassrooms/PROJET_4/TomTroc/App/Core/Router.php:141
#0 /Users/michaelpeltier/Desktop/OpenClassrooms/PROJET_4/TomTroc/index.php(22): App\Core\Router->dispatch('GET', '/.well-known/ap...')
#1 {main}[2026-04-02 10:53:32] La page demandée n'existe pas. in /Users/michaelpeltier/Desktop/OpenClassrooms/PROJET_4/TomTroc/App/Core/Router.php:141
#0 /Users/michaelpeltier/Desktop/OpenClassrooms/PROJET_4/TomTroc/index.php(22): App\Core\Router->dispatch('GET', '/.well-known/ap...')
#1 {main}[2026-04-02 10:53:45] La page demandée n'existe pas. in /Users/michaelpeltier/Desktop/OpenClassrooms/PROJET_4/TomTroc/App/Core/Router.php:141
#0 /Users/michaelpeltier/Desktop/OpenClassrooms/PROJET_4/TomTroc/index.php(22): App\Core\Router->dispatch('GET', '/.well-known/ap...')
#1 {main}[2026-04-02 10:54:47] La page demandée n'existe pas. in /Users/michaelpeltier/Desktop/OpenClassrooms/PROJET_4/TomTroc/App/Core/Router.php:141
#0 /Users/michaelpeltier/Desktop/OpenClassrooms/PROJET_4/TomTroc/index.php(22): App\Core\Router->dispatch('GET', '/.well-known/ap...')
#1 {main}[2026-04-02 10:54:48] La page demandée n'existe pas. in /Users/michaelpeltier/Desktop/OpenClassrooms/PROJET_4/TomTroc/App/Core/Router.php:141
#0 /Users/michaelpeltier/Desktop/OpenClassrooms/PROJET_4/TomTroc/index.php(22): App\Core\Router->dispatch('GET', '/.well-known/ap...')
#1 {main}[2026-04-02 10:54:58] La page demandée n'existe pas. in /Users/michaelpeltier/Desktop/OpenClassrooms/PROJET_4/TomTroc/App/Core/Router.php:141
#0 /Users/michaelpeltier/Desktop/OpenClassrooms/PROJET_4/TomTroc/index.php(22): App\Core\Router->dispatch('GET', '/.well-known/ap...')
#1 {main}[2026-04-02 10:55:36] La page demandée n'existe pas. in /Users/michaelpeltier/Desktop/OpenClassrooms/PROJET_4/TomTroc/App/Core/Router.php:141
#0 /Users/michaelpeltier/Desktop/OpenClassrooms/PROJET_4/TomTroc/index.php(22): App\Core\Router->dispatch('GET', '/.well-known/ap...')
#1 {main}[2026-04-02 10:55:43] La page demandée n'existe pas. in /Users/michaelpeltier/Desktop/OpenClassrooms/PROJET_4/TomTroc/App/Core/Router.php:141
#0 /Users/michaelpeltier/Desktop/OpenClassrooms/PROJET_4/TomTroc/index.php(22): App\Core\Router->dispatch('GET', '/.well-known/ap...')
#1 {main}[2026-04-02 10:55:51] La page demandée n'existe pas. in /Users/michaelpeltier/Desktop/OpenClassrooms/PROJET_4/TomTroc/App/Core/Router.php:141
#0 /Users/michaelpeltier/Desktop/OpenClassrooms/PROJET_4/TomTroc/index.php(22): App\Core\Router->dispatch('GET', '/.well-known/ap...')
#1 {main}[2026-04-02 10:56:03] La page demandée n'existe pas. in /Users/michaelpeltier/Desktop/OpenClassrooms/PROJET_4/TomTroc/App/Core/Router.php:141
#0 /Users/michaelpeltier/Desktop/OpenClassrooms/PROJET_4/TomTroc/index.php(22): App\Core\Router->dispatch('GET', '/.well-known/ap...')
#1 {main}[2026-04-02 10:56:23] La page demandée n'existe pas. in /Users/michaelpeltier/Desktop/OpenClassrooms/PROJET_4/TomTroc/App/Core/Router.php:141
#0 /Users/michaelpeltier/Desktop/OpenClassrooms/PROJET_4/TomTroc/index.php(22): App\Core\Router->dispatch('GET', '/.well-known/ap...')
#1 {main}[2026-04-02 10:56:36] La page demandée n'existe pas. in /Users/michaelpeltier/Desktop/OpenClassrooms/PROJET_4/TomTroc/App/Core/Router.php:141
#0 /Users/michaelpeltier/Desktop/OpenClassrooms/PROJET_4/TomTroc/index.php(22): App\Core\Router->dispatch('GET', '/.well-known/ap...')
#1 {main}[2026-04-02 10:56:49] La page demandée n'existe pas. in /Users/michaelpeltier/Desktop/OpenClassrooms/PROJET_4/TomTroc/App/Core/Router.php:141
#0 /Users/michaelpeltier/Desktop/OpenClassrooms/PROJET_4/TomTroc/index.php(22): App\Core\Router->dispatch('GET', '/.well-known/ap...')
#1 {main}[2026-04-02 10:56:59] La page demandée n'existe pas. in /Users/michaelpeltier/Desktop/OpenClassrooms/PROJET_4/TomTroc/App/Core/Router.php:141
#0 /Users/michaelpeltier/Desktop/OpenClassrooms/PROJET_4/TomTroc/index.php(22): App\Core\Router->dispatch('GET', '/.well-known/ap...')
#1 {main}[2026-04-02 10:57:53] La page demandée n'existe pas. in /Users/michaelpeltier/Desktop/OpenClassrooms/PROJET_4/TomTroc/App/Core/Router.php:141
#0 /Users/michaelpeltier/Desktop/OpenClassrooms/PROJET_4/TomTroc/index.php(22): App\Core\Router->dispatch('GET', '/.well-known/ap...')
#1 {main}[2026-04-02 10:58:40] La page demandée n'existe pas. in /Users/michaelpeltier/Desktop/OpenClassrooms/PROJET_4/TomTroc/App/Core/Router.php:141
#0 /Users/michaelpeltier/Desktop/OpenClassrooms/PROJET_4/TomTroc/index.php(22): App\Core\Router->dispatch('GET', '/.well-known/ap...')
#1 {main}[2026-04-02 10:59:53] La page demandée n'existe pas. in /Users/michaelpeltier/Desktop/OpenClassrooms/PROJET_4/TomTroc/App/Core/Router.php:141
#0 /Users/michaelpeltier/Desktop/OpenClassrooms/PROJET_4/TomTroc/index.php(22): App\Core\Router->dispatch('GET', '/.well-known/ap...')
#1 {main}[2026-04-02 11:01:10] La page demandée n'existe pas. in /Users/michaelpeltier/Desktop/OpenClassrooms/PROJET_4/TomTroc/App/Core/Router.php:141
#0 /Users/michaelpeltier/Desktop/OpenClassrooms/PROJET_4/TomTroc/index.php(22): App\Core\Router->dispatch('GET', '/.well-known/ap...')
#1 {main}[2026-04-02 11:02:24] La page demandée n'existe pas. in /Users/michaelpeltier/Desktop/OpenClassrooms/PROJET_4/TomTroc/App/Core/Router.php:141
#0 /Users/michaelpeltier/Desktop/OpenClassrooms/PROJET_4/TomTroc/index.php(22): App\Core\Router->dispatch('GET', '/.well-known/ap...')
#1 {main}[2026-04-02 11:02:54] La page demandée n'existe pas. in /Users/michaelpeltier/Desktop/OpenClassrooms/PROJET_4/TomTroc/App/Core/Router.php:141
#0 /Users/michaelpeltier/Desktop/OpenClassrooms/PROJET_4/TomTroc/index.php(22): App\Core\Router->dispatch('GET', '/.well-known/ap...')
#1 {main}[2026-04-02 11:04:06] La page demandée n'existe pas. in /Users/michaelpeltier/Desktop/OpenClassrooms/PROJET_4/TomTroc/App/Core/Router.php:141
#0 /Users/michaelpeltier/Desktop/OpenClassrooms/PROJET_4/TomTroc/index.php(22): App\Core\Router->dispatch('GET', '/.well-known/ap...')
#1 {main}[2026-04-02 11:05:04] La page demandée n'existe pas. in /Users/michaelpeltier/Desktop/OpenClassrooms/PROJET_4/TomTroc/App/Core/Router.php:141
#0 /Users/michaelpeltier/Desktop/OpenClassrooms/PROJET_4/TomTroc/index.php(22): App\Core\Router->dispatch('GET', '/.well-known/ap...')
#1 {main}[2026-04-02 11:05:44] La page demandée n'existe pas. in /Users/michaelpeltier/Desktop/OpenClassrooms/PROJET_4/TomTroc/App/Core/Router.php:141
#0 /Users/michaelpeltier/Desktop/OpenClassrooms/PROJET_4/TomTroc/index.php(22): App\Core\Router->dispatch('GET', '/.well-known/ap...')
#1 {main}[2026-04-02 11:06:00] La page demandée n'existe pas. in /Users/michaelpeltier/Desktop/OpenClassrooms/PROJET_4/TomTroc/App/Core/Router.php:141
#0 /Users/michaelpeltier/Desktop/OpenClassrooms/PROJET_4/TomTroc/index.php(22): App\Core\Router->dispatch('GET', '/.well-known/ap...')
#1 {main}[2026-04-02 11:08:17] La page demandée n'existe pas. in /Users/michaelpeltier/Desktop/OpenClassrooms/PROJET_4/TomTroc/App/Core/Router.php:141
#0 /Users/michaelpeltier/Desktop/OpenClassrooms/PROJET_4/TomTroc/index.php(22): App\Core\Router->dispatch('GET', '/.well-known/ap...')
#1 {main}[2026-04-02 11:08:32] La page demandée n'existe pas. in /Users/michaelpeltier/Desktop/OpenClassrooms/PROJET_4/TomTroc/App/Core/Router.php:141
#0 /Users/michaelpeltier/Desktop/OpenClassrooms/PROJET_4/TomTroc/index.php(22): App\Core\Router->dispatch('GET', '/.well-known/ap...')
#1 {main}[2026-04-02 11:09:29] La page demandée n'existe pas. in /Users/michaelpeltier/Desktop/OpenClassrooms/PROJET_4/TomTroc/App/Core/Router.php:141
#0 /Users/michaelpeltier/Desktop/OpenClassrooms/PROJET_4/TomTroc/index.php(22): App\Core\Router->dispatch('GET', '/.well-known/ap...')
#1 {main}[2026-04-02 11:10:05] La page demandée n'existe pas. in /Users/michaelpeltier/Desktop/OpenClassrooms/PROJET_4/TomTroc/App/Core/Router.php:141
#0 /Users/michaelpeltier/Desktop/OpenClassrooms/PROJET_4/TomTroc/index.php(22): App\Core\Router->dispatch('GET', '/.well-known/ap...')
#1 {main}[2026-04-02 11:10:29] La page demandée n'existe pas. in /Users/michaelpeltier/Desktop/OpenClassrooms/PROJET_4/TomTroc/App/Core/Router.php:141
#0 /Users/michaelpeltier/Desktop/OpenClassrooms/PROJET_4/TomTroc/index.php(22): App\Core\Router->dispatch('GET', '/.well-known/ap...')
#1 {main}[2026-04-02 11:10:44] La page demandée n'existe pas. in /Users/michaelpeltier/Desktop/OpenClassrooms/PROJET_4/TomTroc/App/Core/Router.php:141
#0 /Users/michaelpeltier/Desktop/OpenClassrooms/PROJET_4/TomTroc/index.php(22): App\Core\Router->dispatch('GET', '/.well-known/ap...')
#1 {main}[2026-04-02 11:11:39] La page demandée n'existe pas. in /Users/michaelpeltier/Desktop/OpenClassrooms/PROJET_4/TomTroc/App/Core/Router.php:141
#0 /Users/michaelpeltier/Desktop/OpenClassrooms/PROJET_4/TomTroc/index.php(22): App\Core\Router->dispatch('GET', '/.well-known/ap...')
#1 {main}[2026-04-02 11:12:03] La page demandée n'existe pas. in /Users/michaelpeltier/Desktop/OpenClassrooms/PROJET_4/TomTroc/App/Core/Router.php:141
#0 /Users/michaelpeltier/Desktop/OpenClassrooms/PROJET_4/TomTroc/index.php(22): App\Core\Router->dispatch('GET', '/.well-known/ap...')
#1 {main}[2026-04-02 11:13:34] La page demandée n'existe pas. in /Users/michaelpeltier/Desktop/OpenClassrooms/PROJET_4/TomTroc/App/Core/Router.php:141
#0 /Users/michaelpeltier/Desktop/OpenClassrooms/PROJET_4/TomTroc/index.php(22): App\Core\Router->dispatch('GET', '/.well-known/ap...')
#1 {main}[2026-04-02 11:13:53] La page demandée n'existe pas. in /Users/michaelpeltier/Desktop/OpenClassrooms/PROJET_4/TomTroc/App/Core/Router.php:141
#0 /Users/michaelpeltier/Desktop/OpenClassrooms/PROJET_4/TomTroc/index.php(22): App\Core\Router->dispatch('GET', '/.well-known/ap...')
#1 {main}[2026-04-02 11:15:15] La page demandée n'existe pas. in /Users/michaelpeltier/Desktop/OpenClassrooms/PROJET_4/TomTroc/App/Core/Router.php:141
#0 /Users/michaelpeltier/Desktop/OpenClassrooms/PROJET_4/TomTroc/index.php(22): App\Core\Router->dispatch('GET', '/.well-known/ap...')
#1 {main}[2026-04-02 11:16:19] La page demandée n'existe pas. in /Users/michaelpeltier/Desktop/OpenClassrooms/PROJET_4/TomTroc/App/Core/Router.php:141
#0 /Users/michaelpeltier/Desktop/OpenClassrooms/PROJET_4/TomTroc/index.php(22): App\Core\Router->dispatch('GET', '/.well-known/ap...')
#1 {main}[2026-04-02 11:18:44] La page demandée n'existe pas. in /Users/michaelpeltier/Desktop/OpenClassrooms/PROJET_4/TomTroc/App/Core/Router.php:141
#0 /Users/michaelpeltier/Desktop/OpenClassrooms/PROJET_4/TomTroc/index.php(22): App\Core\Router->dispatch('GET', '/.well-known/ap...')
#1 {main}[2026-04-02 11:19:14] La page demandée n'existe pas. in /Users/michaelpeltier/Desktop/OpenClassrooms/PROJET_4/TomTroc/App/Core/Router.php:141
#0 /Users/michaelpeltier/Desktop/OpenClassrooms/PROJET_4/TomTroc/index.php(22): App\Core\Router->dispatch('GET', '/.well-known/ap...')
#1 {main}[2026-04-02 11:20:19] La page demandée n'existe pas. in /Users/michaelpeltier/Desktop/OpenClassrooms/PROJET_4/TomTroc/App/Core/Router.php:141
#0 /Users/michaelpeltier/Desktop/OpenClassrooms/PROJET_4/TomTroc/index.php(22): App\Core\Router->dispatch('GET', '/.well-known/ap...')
#1 {main}[2026-04-02 11:21:44] La page demandée n'existe pas. in /Users/michaelpeltier/Desktop/OpenClassrooms/PROJET_4/TomTroc/App/Core/Router.php:141
#0 /Users/michaelpeltier/Desktop/OpenClassrooms/PROJET_4/TomTroc/index.php(22): App\Core\Router->dispatch('GET', '/.well-known/ap...')
#1 {main}[2026-04-02 11:22:50] La page demandée n'existe pas. in /Users/michaelpeltier/Desktop/OpenClassrooms/PROJET_4/TomTroc/App/Core/Router.php:141
#0 /Users/michaelpeltier/Desktop/OpenClassrooms/PROJET_4/TomTroc/index.php(22): App\Core\Router->dispatch('GET', '/.well-known/ap...')
#1 {main}[2026-04-02 11:25:38] La page demandée n'existe pas. in /Users/michaelpeltier/Desktop/OpenClassrooms/PROJET_4/TomTroc/App/Core/Router.php:141
#0 /Users/michaelpeltier/Desktop/OpenClassrooms/PROJET_4/TomTroc/index.php(22): App\Core\Router->dispatch('GET', '/.well-known/ap...')
#1 {main}[2026-04-02 11:26:26] La page demandée n'existe pas. in /Users/michaelpeltier/Desktop/OpenClassrooms/PROJET_4/TomTroc/App/Core/Router.php:141
#0 /Users/michaelpeltier/Desktop/OpenClassrooms/PROJET_4/TomTroc/index.php(22): App\Core\Router->dispatch('GET', '/.well-known/ap...')
#1 {main}[2026-04-02 11:29:05] La page demandée n'existe pas. in /Users/michaelpeltier/Desktop/OpenClassrooms/PROJET_4/TomTroc/App/Core/Router.php:141
#0 /Users/michaelpeltier/Desktop/OpenClassrooms/PROJET_4/TomTroc/index.php(22): App\Core\Router->dispatch('GET', '/.well-known/ap...')
#1 {main}[2026-04-02 11:30:09] La page demandée n'existe pas. in /Users/michaelpeltier/Desktop/OpenClassrooms/PROJET_4/TomTroc/App/Core/Router.php:141
#0 /Users/michaelpeltier/Desktop/OpenClassrooms/PROJET_4/TomTroc/index.php(22): App\Core\Router->dispatch('GET', '/.well-known/ap...')
#1 {main}[2026-04-02 11:34:30] La page demandée n'existe pas. in /Users/michaelpeltier/Desktop/OpenClassrooms/PROJET_4/TomTroc/App/Core/Router.php:141
#0 /Users/michaelpeltier/Desktop/OpenClassrooms/PROJET_4/TomTroc/index.php(22): App\Core\Router->dispatch('GET', '/.well-known/ap...')
#1 {main}[2026-04-02 11:34:34] La page demandée n'existe pas. in /Users/michaelpeltier/Desktop/OpenClassrooms/PROJET_4/TomTroc/App/Core/Router.php:141
#0 /Users/michaelpeltier/Desktop/OpenClassrooms/PROJET_4/TomTroc/index.php(22): App\Core\Router->dispatch('GET', '/.well-known/ap...')
#1 {main}[2026-04-02 11:34:37] La page demandée n'existe pas. in /Users/michaelpeltier/Desktop/OpenClassrooms/PROJET_4/TomTroc/App/Core/Router.php:141
#0 /Users/michaelpeltier/Desktop/OpenClassrooms/PROJET_4/TomTroc/index.php(22): App\Core\Router->dispatch('GET', '/.well-known/ap...')
#1 {main}[2026-04-02 11:34:37] La page demandée n'existe pas. in /Users/michaelpeltier/Desktop/OpenClassrooms/PROJET_4/TomTroc/App/Core/Router.php:141
#0 /Users/michaelpeltier/Desktop/OpenClassrooms/PROJET_4/TomTroc/index.php(22): App\Core\Router->dispatch('GET', '/.well-known/ap...')
#1 {main}[2026-04-02 11:34:50] La page demandée n'existe pas. in /Users/michaelpeltier/Desktop/OpenClassrooms/PROJET_4/TomTroc/App/Core/Router.php:141
#0 /Users/michaelpeltier/Desktop/OpenClassrooms/PROJET_4/TomTroc/index.php(22): App\Core\Router->dispatch('GET', '/.well-known/ap...')
#1 {main}[2026-04-02 11:35:45] La page demandée n'existe pas. in /Users/michaelpeltier/Desktop/OpenClassrooms/PROJET_4/TomTroc/App/Core/Router.php:141
#0 /Users/michaelpeltier/Desktop/OpenClassrooms/PROJET_4/TomTroc/index.php(22): App\Core\Router->dispatch('GET', '/.well-known/ap...')
#1 {main}[2026-04-02 11:36:33] La page demandée n'existe pas. in /Users/michaelpeltier/Desktop/OpenClassrooms/PROJET_4/TomTroc/App/Core/Router.php:141
#0 /Users/michaelpeltier/Desktop/OpenClassrooms/PROJET_4/TomTroc/index.php(22): App\Core\Router->dispatch('GET', '/.well-known/ap...')
#1 {main}[2026-04-02 11:37:01] La page demandée n'existe pas. in /Users/michaelpeltier/Desktop/OpenClassrooms/PROJET_4/TomTroc/App/Core/Router.php:141
#0 /Users/michaelpeltier/Desktop/OpenClassrooms/PROJET_4/TomTroc/index.php(22): App\Core\Router->dispatch('GET', '/.well-known/ap...')
#1 {main}[2026-04-02 11:37:05] La page demandée n'existe pas. in /Users/michaelpeltier/Desktop/OpenClassrooms/PROJET_4/TomTroc/App/Core/Router.php:141
#0 /Users/michaelpeltier/Desktop/OpenClassrooms/PROJET_4/TomTroc/index.php(22): App\Core\Router->dispatch('GET', '/.well-known/ap...')
#1 {main}[2026-04-02 11:38:03] La page demandée n'existe pas. in /Users/michaelpeltier/Desktop/OpenClassrooms/PROJET_4/TomTroc/App/Core/Router.php:141
#0 /Users/michaelpeltier/Desktop/OpenClassrooms/PROJET_4/TomTroc/index.php(22): App\Core\Router->dispatch('GET', '/.well-known/ap...')
#1 {main}[2026-04-02 11:39:50] La page demandée n'existe pas. in /Users/michaelpeltier/Desktop/OpenClassrooms/PROJET_4/TomTroc/App/Core/Router.php:141
#0 /Users/michaelpeltier/Desktop/OpenClassrooms/PROJET_4/TomTroc/index.php(22): App\Core\Router->dispatch('GET', '/.well-known/ap...')
#1 {main}[2026-04-02 11:40:51] La page demandée n'existe pas. in /Users/michaelpeltier/Desktop/OpenClassrooms/PROJET_4/TomTroc/App/Core/Router.php:141
#0 /Users/michaelpeltier/Desktop/OpenClassrooms/PROJET_4/TomTroc/index.php(22): App\Core\Router->dispatch('GET', '/.well-known/ap...')
#1 {main}[2026-04-02 11:41:35] La page demandée n'existe pas. in /Users/michaelpeltier/Desktop/OpenClassrooms/PROJET_4/TomTroc/App/Core/Router.php:141
#0 /Users/michaelpeltier/Desktop/OpenClassrooms/PROJET_4/TomTroc/index.php(22): App\Core\Router->dispatch('GET', '/.well-known/ap...')
#1 {main}[2026-04-02 11:42:01] La page demandée n'existe pas. in /Users/michaelpeltier/Desktop/OpenClassrooms/PROJET_4/TomTroc/App/Core/Router.php:141
#0 /Users/michaelpeltier/Desktop/OpenClassrooms/PROJET_4/TomTroc/index.php(22): App\Core\Router->dispatch('GET', '/.well-known/ap...')
#1 {main}[2026-04-02 11:42:48] La page demandée n'existe pas. in /Users/michaelpeltier/Desktop/OpenClassrooms/PROJET_4/TomTroc/App/Core/Router.php:141
#0 /Users/michaelpeltier/Desktop/OpenClassrooms/PROJET_4/TomTroc/index.php(22): App\Core\Router->dispatch('GET', '/.well-known/ap...')
#1 {main}[2026-04-02 11:44:10] La page demandée n'existe pas. in /Users/michaelpeltier/Desktop/OpenClassrooms/PROJET_4/TomTroc/App/Core/Router.php:141
#0 /Users/michaelpeltier/Desktop/OpenClassrooms/PROJET_4/TomTroc/index.php(22): App\Core\Router->dispatch('GET', '/.well-known/ap...')
#1 {main}[2026-04-02 11:44:23] La page demandée n'existe pas. in /Users/michaelpeltier/Desktop/OpenClassrooms/PROJET_4/TomTroc/App/Core/Router.php:141
#0 /Users/michaelpeltier/Desktop/OpenClassrooms/PROJET_4/TomTroc/index.php(22): App\Core\Router->dispatch('GET', '/.well-known/ap...')
#1 {main}[2026-04-02 11:44:35] La page demandée n'existe pas. in /Users/michaelpeltier/Desktop/OpenClassrooms/PROJET_4/TomTroc/App/Core/Router.php:141
#0 /Users/michaelpeltier/Desktop/OpenClassrooms/PROJET_4/TomTroc/index.php(22): App\Core\Router->dispatch('GET', '/.well-known/ap...')
#1 {main}[2026-04-02 11:44:59] La page demandée n'existe pas. in /Users/michaelpeltier/Desktop/OpenClassrooms/PROJET_4/TomTroc/App/Core/Router.php:141
#0 /Users/michaelpeltier/Desktop/OpenClassrooms/PROJET_4/TomTroc/index.php(22): App\Core\Router->dispatch('GET', '/.well-known/ap...')
#1 {main}[2026-04-02 11:45:28] La page demandée n'existe pas. in /Users/michaelpeltier/Desktop/OpenClassrooms/PROJET_4/TomTroc/App/Core/Router.php:141
#0 /Users/michaelpeltier/Desktop/OpenClassrooms/PROJET_4/TomTroc/index.php(22): App\Core\Router->dispatch('GET', '/.well-known/ap...')
#1 {main}[2026-04-02 11:45:58] La page demandée n'existe pas. in /Users/michaelpeltier/Desktop/OpenClassrooms/PROJET_4/TomTroc/App/Core/Router.php:141
#0 /Users/michaelpeltier/Desktop/OpenClassrooms/PROJET_4/TomTroc/index.php(22): App\Core\Router->dispatch('GET', '/.well-known/ap...')
#1 {main}[2026-04-02 13:49:17] La page demandée n'existe pas. in /Users/michaelpeltier/Desktop/OpenClassrooms/PROJET_4/TomTroc/App/Core/Router.php:141
#0 /Users/michaelpeltier/Desktop/OpenClassrooms/PROJET_4/TomTroc/index.php(22): App\Core\Router->dispatch('GET', '/.well-known/ap...')
#1 {main}[2026-04-02 13:49:52] La page demandée n'existe pas. in /Users/michaelpeltier/Desktop/OpenClassrooms/PROJET_4/TomTroc/App/Core/Router.php:141
#0 /Users/michaelpeltier/Desktop/OpenClassrooms/PROJET_4/TomTroc/index.php(22): App\Core\Router->dispatch('GET', '/.well-known/ap...')
#1 {main}[2026-04-02 13:50:56] La page demandée n'existe pas. in /Users/michaelpeltier/Desktop/OpenClassrooms/PROJET_4/TomTroc/App/Core/Router.php:141
#0 /Users/michaelpeltier/Desktop/OpenClassrooms/PROJET_4/TomTroc/index.php(22): App\Core\Router->dispatch('GET', '/.well-known/ap...')
#1 {main}[2026-04-02 13:54:16] La page demandée n'existe pas. in /Users/michaelpeltier/Desktop/OpenClassrooms/PROJET_4/TomTroc/App/Core/Router.php:141
#0 /Users/michaelpeltier/Desktop/OpenClassrooms/PROJET_4/TomTroc/index.php(22): App\Core\Router->dispatch('GET', '/.well-known/ap...')
#1 {main}[2026-04-02 13:54:43] La page demandée n'existe pas. in /Users/michaelpeltier/Desktop/OpenClassrooms/PROJET_4/TomTroc/App/Core/Router.php:141
#0 /Users/michaelpeltier/Desktop/OpenClassrooms/PROJET_4/TomTroc/index.php(22): App\Core\Router->dispatch('GET', '/.well-known/ap...')
#1 {main}[2026-04-02 13:55:33] La page demandée n'existe pas. in /Users/michaelpeltier/Desktop/OpenClassrooms/PROJET_4/TomTroc/App/Core/Router.php:141
#0 /Users/michaelpeltier/Desktop/OpenClassrooms/PROJET_4/TomTroc/index.php(22): App\Core\Router->dispatch('GET', '/.well-known/ap...')
#1 {main}[2026-04-02 13:56:21] La page demandée n'existe pas. in /Users/michaelpeltier/Desktop/OpenClassrooms/PROJET_4/TomTroc/App/Core/Router.php:141
#0 /Users/michaelpeltier/Desktop/OpenClassrooms/PROJET_4/TomTroc/index.php(22): App\Core\Router->dispatch('GET', '/.well-known/ap...')
#1 {main}[2026-04-02 13:56:30] La page demandée n'existe pas. in /Users/michaelpeltier/Desktop/OpenClassrooms/PROJET_4/TomTroc/App/Core/Router.php:141
#0 /Users/michaelpeltier/Desktop/OpenClassrooms/PROJET_4/TomTroc/index.php(22): App\Core\Router->dispatch('GET', '/.well-known/ap...')
#1 {main}[2026-04-02 13:56:36] La page demandée n'existe pas. in /Users/michaelpeltier/Desktop/OpenClassrooms/PROJET_4/TomTroc/App/Core/Router.php:141
#0 /Users/michaelpeltier/Desktop/OpenClassrooms/PROJET_4/TomTroc/index.php(22): App\Core\Router->dispatch('GET', '/.well-known/ap...')
#1 {main}[2026-04-02 13:57:03] La page demandée n'existe pas. in /Users/michaelpeltier/Desktop/OpenClassrooms/PROJET_4/TomTroc/App/Core/Router.php:141
#0 /Users/michaelpeltier/Desktop/OpenClassrooms/PROJET_4/TomTroc/index.php(22): App\Core\Router->dispatch('GET', '/.well-known/ap...')
#1 {main}[2026-04-02 13:57:38] La page demandée n'existe pas. in /Users/michaelpeltier/Desktop/OpenClassrooms/PROJET_4/TomTroc/App/Core/Router.php:141
#0 /Users/michaelpeltier/Desktop/OpenClassrooms/PROJET_4/TomTroc/index.php(22): App\Core\Router->dispatch('GET', '/.well-known/ap...')
#1 {main}[2026-04-02 13:57:53] La page demandée n'existe pas. in /Users/michaelpeltier/Desktop/OpenClassrooms/PROJET_4/TomTroc/App/Core/Router.php:141
#0 /Users/michaelpeltier/Desktop/OpenClassrooms/PROJET_4/TomTroc/index.php(22): App\Core\Router->dispatch('GET', '/.well-known/ap...')
#1 {main}[2026-04-02 13:58:22] La page demandée n'existe pas. in /Users/michaelpeltier/Desktop/OpenClassrooms/PROJET_4/TomTroc/App/Core/Router.php:141
#0 /Users/michaelpeltier/Desktop/OpenClassrooms/PROJET_4/TomTroc/index.php(22): App\Core\Router->dispatch('GET', '/.well-known/ap...')
#1 {main}[2026-04-02 13:58:42] La page demandée n'existe pas. in /Users/michaelpeltier/Desktop/OpenClassrooms/PROJET_4/TomTroc/App/Core/Router.php:141
#0 /Users/michaelpeltier/Desktop/OpenClassrooms/PROJET_4/TomTroc/index.php(22): App\Core\Router->dispatch('GET', '/.well-known/ap...')
#1 {main}[2026-04-02 13:58:55] La page demandée n'existe pas. in /Users/michaelpeltier/Desktop/OpenClassrooms/PROJET_4/TomTroc/App/Core/Router.php:141
#0 /Users/michaelpeltier/Desktop/OpenClassrooms/PROJET_4/TomTroc/index.php(22): App\Core\Router->dispatch('GET', '/.well-known/ap...')
#1 {main}[2026-04-02 13:59:11] La page demandée n'existe pas. in /Users/michaelpeltier/Desktop/OpenClassrooms/PROJET_4/TomTroc/App/Core/Router.php:141
#0 /Users/michaelpeltier/Desktop/OpenClassrooms/PROJET_4/TomTroc/index.php(22): App\Core\Router->dispatch('GET', '/.well-known/ap...')
#1 {main}[2026-04-02 14:00:44] La page demandée n'existe pas. in /Users/michaelpeltier/Desktop/OpenClassrooms/PROJET_4/TomTroc/App/Core/Router.php:141
#0 /Users/michaelpeltier/Desktop/OpenClassrooms/PROJET_4/TomTroc/index.php(22): App\Core\Router->dispatch('GET', '/.well-known/ap...')
#1 {main}[2026-04-02 14:01:13] La page demandée n'existe pas. in /Users/michaelpeltier/Desktop/OpenClassrooms/PROJET_4/TomTroc/App/Core/Router.php:141
#0 /Users/michaelpeltier/Desktop/OpenClassrooms/PROJET_4/TomTroc/index.php(22): App\Core\Router->dispatch('GET', '/.well-known/ap...')
#1 {main}[2026-04-02 14:03:07] Unsupported operand types: string * int in /Users/michaelpeltier/Desktop/OpenClassrooms/PROJET_4/TomTroc/App/Views/templates/myAccount.php:107
#0 /Users/michaelpeltier/Desktop/OpenClassrooms/PROJET_4/TomTroc/App/Views/View.php(57): require()
#1 /Users/michaelpeltier/Desktop/OpenClassrooms/PROJET_4/TomTroc/App/Views/View.php(37): App\Views\View->renderViewFromTemplate('/Users/michaelp...', Array)
#2 /Users/michaelpeltier/Desktop/OpenClassrooms/PROJET_4/TomTroc/App/Controllers/AccountController.php(36): App\Views\View->render('myAccount', Array)
#3 /Users/michaelpeltier/Desktop/OpenClassrooms/PROJET_4/TomTroc/App/Core/Router.php(136): App\Controllers\AccountController->showMyAccount('1')
#4 /Users/michaelpeltier/Desktop/OpenClassrooms/PROJET_4/TomTroc/index.php(22): App\Core\Router->dispatch('GET', '/my-account/1')
#5 {main}[2026-04-02 14:03:07] La page demandée n'existe pas. in /Users/michaelpeltier/Desktop/OpenClassrooms/PROJET_4/TomTroc/App/Core/Router.php:141
#0 /Users/michaelpeltier/Desktop/OpenClassrooms/PROJET_4/TomTroc/index.php(22): App\Core\Router->dispatch('GET', '/.well-known/ap...')
#1 {main}[2026-04-02 14:03:16] La page demandée n'existe pas. in /Users/michaelpeltier/Desktop/OpenClassrooms/PROJET_4/TomTroc/App/Core/Router.php:141
#0 /Users/michaelpeltier/Desktop/OpenClassrooms/PROJET_4/TomTroc/index.php(22): App\Core\Router->dispatch('GET', '/.well-known/ap...')
#1 {main}[2026-04-02 14:04:05] La page demandée n'existe pas. in /Users/michaelpeltier/Desktop/OpenClassrooms/PROJET_4/TomTroc/App/Core/Router.php:141
#0 /Users/michaelpeltier/Desktop/OpenClassrooms/PROJET_4/TomTroc/index.php(22): App\Core\Router->dispatch('GET', '/.well-known/ap...')
#1 {main}[2026-04-02 14:04:46] La page demandée n'existe pas. in /Users/michaelpeltier/Desktop/OpenClassrooms/PROJET_4/TomTroc/App/Core/Router.php:141
#0 /Users/michaelpeltier/Desktop/OpenClassrooms/PROJET_4/TomTroc/index.php(22): App\Core\Router->dispatch('GET', '/.well-known/ap...')
#1 {main}[2026-04-02 14:05:12] La page demandée n'existe pas. in /Users/michaelpeltier/Desktop/OpenClassrooms/PROJET_4/TomTroc/App/Core/Router.php:141
#0 /Users/michaelpeltier/Desktop/OpenClassrooms/PROJET_4/TomTroc/index.php(22): App\Core\Router->dispatch('GET', '/.well-known/ap...')
#1 {main}[2026-04-02 14:05:40] La page demandée n'existe pas. in /Users/michaelpeltier/Desktop/OpenClassrooms/PROJET_4/TomTroc/App/Core/Router.php:141
#0 /Users/michaelpeltier/Desktop/OpenClassrooms/PROJET_4/TomTroc/index.php(22): App\Core\Router->dispatch('GET', '/.well-known/ap...')
#1 {main}[2026-04-02 14:06:23] La page demandée n'existe pas. in /Users/michaelpeltier/Desktop/OpenClassrooms/PROJET_4/TomTroc/App/Core/Router.php:141
#0 /Users/michaelpeltier/Desktop/OpenClassrooms/PROJET_4/TomTroc/index.php(22): App\Core\Router->dispatch('GET', '/.well-known/ap...')
#1 {main}[2026-04-02 14:06:42] La page demandée n'existe pas. in /Users/michaelpeltier/Desktop/OpenClassrooms/PROJET_4/TomTroc/App/Core/Router.php:141
#0 /Users/michaelpeltier/Desktop/OpenClassrooms/PROJET_4/TomTroc/index.php(22): App\Core\Router->dispatch('GET', '/.well-known/ap...')
#1 {main}[2026-04-02 14:06:57] La page demandée n'existe pas. in /Users/michaelpeltier/Desktop/OpenClassrooms/PROJET_4/TomTroc/App/Core/Router.php:141
#0 /Users/michaelpeltier/Desktop/OpenClassrooms/PROJET_4/TomTroc/index.php(22): App\Core\Router->dispatch('GET', '/.well-known/ap...')
#1 {main}[2026-04-02 14:07:44] La page demandée n'existe pas. in /Users/michaelpeltier/Desktop/OpenClassrooms/PROJET_4/TomTroc/App/Core/Router.php:141
#0 /Users/michaelpeltier/Desktop/OpenClassrooms/PROJET_4/TomTroc/index.php(22): App\Core\Router->dispatch('GET', '/.well-known/ap...')
#1 {main}[2026-04-02 14:09:25] La page demandée n'existe pas. in /Users/michaelpeltier/Desktop/OpenClassrooms/PROJET_4/TomTroc/App/Core/Router.php:141
#0 /Users/michaelpeltier/Desktop/OpenClassrooms/PROJET_4/TomTroc/index.php(22): App\Core\Router->dispatch('GET', '/.well-known/ap...')
#1 {main}[2026-04-02 14:10:03] La page demandée n'existe pas. in /Users/michaelpeltier/Desktop/OpenClassrooms/PROJET_4/TomTroc/App/Core/Router.php:141
#0 /Users/michaelpeltier/Desktop/OpenClassrooms/PROJET_4/TomTroc/index.php(22): App\Core\Router->dispatch('GET', '/.well-known/ap...')
#1 {main}[2026-04-02 14:10:23] La page demandée n'existe pas. in /Users/michaelpeltier/Desktop/OpenClassrooms/PROJET_4/TomTroc/App/Core/Router.php:141
#0 /Users/michaelpeltier/Desktop/OpenClassrooms/PROJET_4/TomTroc/index.php(22): App\Core\Router->dispatch('GET', '/.well-known/ap...')
#1 {main}[2026-04-02 14:11:41] La page demandée n'existe pas. in /Users/michaelpeltier/Desktop/OpenClassrooms/PROJET_4/TomTroc/App/Core/Router.php:141
#0 /Users/michaelpeltier/Desktop/OpenClassrooms/PROJET_4/TomTroc/index.php(22): App\Core\Router->dispatch('GET', '/.well-known/ap...')
#1 {main}[2026-04-02 14:12:26] La page demandée n'existe pas. in /Users/michaelpeltier/Desktop/OpenClassrooms/PROJET_4/TomTroc/App/Core/Router.php:141
#0 /Users/michaelpeltier/Desktop/OpenClassrooms/PROJET_4/TomTroc/index.php(22): App\Core\Router->dispatch('GET', '/.well-known/ap...')
#1 {main}[2026-04-02 14:12:31] La page demandée n'existe pas. in /Users/michaelpeltier/Desktop/OpenClassrooms/PROJET_4/TomTroc/App/Core/Router.php:141
#0 /Users/michaelpeltier/Desktop/OpenClassrooms/PROJET_4/TomTroc/index.php(22): App\Core\Router->dispatch('GET', '/.well-known/ap...')
#1 {main}[2026-04-02 14:12:40] La page demandée n'existe pas. in /Users/michaelpeltier/Desktop/OpenClassrooms/PROJET_4/TomTroc/App/Core/Router.php:141
#0 /Users/michaelpeltier/Desktop/OpenClassrooms/PROJET_4/TomTroc/index.php(22): App\Core\Router->dispatch('GET', '/.well-known/ap...')
#1 {main}[2026-04-02 14:12:48] La page demandée n'existe pas. in /Users/michaelpeltier/Desktop/OpenClassrooms/PROJET_4/TomTroc/App/Core/Router.php:141
#0 /Users/michaelpeltier/Desktop/OpenClassrooms/PROJET_4/TomTroc/index.php(22): App\Core\Router->dispatch('GET', '/.well-known/ap...')
#1 {main}[2026-04-02 14:14:08] La page demandée n'existe pas. in /Users/michaelpeltier/Desktop/OpenClassrooms/PROJET_4/TomTroc/App/Core/Router.php:141
#0 /Users/michaelpeltier/Desktop/OpenClassrooms/PROJET_4/TomTroc/index.php(22): App\Core\Router->dispatch('GET', '/.well-known/ap...')
#1 {main}[2026-04-02 14:14:34] La page demandée n'existe pas. in /Users/michaelpeltier/Desktop/OpenClassrooms/PROJET_4/TomTroc/App/Core/Router.php:141
#0 /Users/michaelpeltier/Desktop/OpenClassrooms/PROJET_4/TomTroc/index.php(22): App\Core\Router->dispatch('GET', '/.well-known/ap...')
#1 {main}[2026-04-02 14:15:03] La page demandée n'existe pas. in /Users/michaelpeltier/Desktop/OpenClassrooms/PROJET_4/TomTroc/App/Core/Router.php:141
#0 /Users/michaelpeltier/Desktop/OpenClassrooms/PROJET_4/TomTroc/index.php(22): App\Core\Router->dispatch('GET', '/.well-known/ap...')
#1 {main}[2026-04-02 14:15:12] La page demandée n'existe pas. in /Users/michaelpeltier/Desktop/OpenClassrooms/PROJET_4/TomTroc/App/Core/Router.php:141
#0 /Users/michaelpeltier/Desktop/OpenClassrooms/PROJET_4/TomTroc/index.php(22): App\Core\Router->dispatch('GET', '/.well-known/ap...')
#1 {main}[2026-04-02 14:15:27] La page demandée n'existe pas. in /Users/michaelpeltier/Desktop/OpenClassrooms/PROJET_4/TomTroc/App/Core/Router.php:141
#0 /Users/michaelpeltier/Desktop/OpenClassrooms/PROJET_4/TomTroc/index.php(22): App\Core\Router->dispatch('GET', '/.well-known/ap...')
#1 {main}[2026-04-02 14:15:40] La page demandée n'existe pas. in /Users/michaelpeltier/Desktop/OpenClassrooms/PROJET_4/TomTroc/App/Core/Router.php:141
#0 /Users/michaelpeltier/Desktop/OpenClassrooms/PROJET_4/TomTroc/index.php(22): App\Core\Router->dispatch('GET', '/.well-known/ap...')
#1 {main}[2026-04-02 14:16:44] La page demandée n'existe pas. in /Users/michaelpeltier/Desktop/OpenClassrooms/PROJET_4/TomTroc/App/Core/Router.php:141
#0 /Users/michaelpeltier/Desktop/OpenClassrooms/PROJET_4/TomTroc/index.php(22): App\Core\Router->dispatch('GET', '/.well-known/ap...')
#1 {main}[2026-04-02 14:17:04] La page demandée n'existe pas. in /Users/michaelpeltier/Desktop/OpenClassrooms/PROJET_4/TomTroc/App/Core/Router.php:141
#0 /Users/michaelpeltier/Desktop/OpenClassrooms/PROJET_4/TomTroc/index.php(22): App\Core\Router->dispatch('GET', '/.well-known/ap...')
#1 {main}[2026-04-02 14:17:13] La page demandée n'existe pas. in /Users/michaelpeltier/Desktop/OpenClassrooms/PROJET_4/TomTroc/App/Core/Router.php:141
#0 /Users/michaelpeltier/Desktop/OpenClassrooms/PROJET_4/TomTroc/index.php(22): App\Core\Router->dispatch('GET', '/.well-known/ap...')
#1 {main}[2026-04-02 14:17:23] La page demandée n'existe pas. in /Users/michaelpeltier/Desktop/OpenClassrooms/PROJET_4/TomTroc/App/Core/Router.php:141
#0 /Users/michaelpeltier/Desktop/OpenClassrooms/PROJET_4/TomTroc/index.php(22): App\Core\Router->dispatch('GET', '/.well-known/ap...')
#1 {main}[2026-04-02 14:17:48] La page demandée n'existe pas. in /Users/michaelpeltier/Desktop/OpenClassrooms/PROJET_4/TomTroc/App/Core/Router.php:141
#0 /Users/michaelpeltier/Desktop/OpenClassrooms/PROJET_4/TomTroc/index.php(22): App\Core\Router->dispatch('GET', '/.well-known/ap...')
#1 {main}[2026-04-02 14:17:55] La page demandée n'existe pas. in /Users/michaelpeltier/Desktop/OpenClassrooms/PROJET_4/TomTroc/App/Core/Router.php:141
#0 /Users/michaelpeltier/Desktop/OpenClassrooms/PROJET_4/TomTroc/index.php(22): App\Core\Router->dispatch('GET', '/.well-known/ap...')
#1 {main}[2026-04-02 14:18:02] La page demandée n'existe pas. in /Users/michaelpeltier/Desktop/OpenClassrooms/PROJET_4/TomTroc/App/Core/Router.php:141
#0 /Users/michaelpeltier/Desktop/OpenClassrooms/PROJET_4/TomTroc/index.php(22): App\Core\Router->dispatch('GET', '/.well-known/ap...')
#1 {main}[2026-04-02 14:18:30] La page demandée n'existe pas. in /Users/michaelpeltier/Desktop/OpenClassrooms/PROJET_4/TomTroc/App/Core/Router.php:141
#0 /Users/michaelpeltier/Desktop/OpenClassrooms/PROJET_4/TomTroc/index.php(22): App\Core\Router->dispatch('GET', '/.well-known/ap...')
#1 {main}[2026-04-02 14:18:45] La page demandée n'existe pas. in /Users/michaelpeltier/Desktop/OpenClassrooms/PROJET_4/TomTroc/App/Core/Router.php:141
#0 /Users/michaelpeltier/Desktop/OpenClassrooms/PROJET_4/TomTroc/index.php(22): App\Core\Router->dispatch('GET', '/.well-known/ap...')
#1 {main}[2026-04-02 14:19:16] La page demandée n'existe pas. in /Users/michaelpeltier/Desktop/OpenClassrooms/PROJET_4/TomTroc/App/Core/Router.php:141
#0 /Users/michaelpeltier/Desktop/OpenClassrooms/PROJET_4/TomTroc/index.php(22): App\Core\Router->dispatch('GET', '/.well-known/ap...')
#1 {main}[2026-04-02 14:22:38] La page demandée n'existe pas. in /Users/michaelpeltier/Desktop/OpenClassrooms/PROJET_4/TomTroc/App/Core/Router.php:141
#0 /Users/michaelpeltier/Desktop/OpenClassrooms/PROJET_4/TomTroc/index.php(22): App\Core\Router->dispatch('GET', '/.well-known/ap...')
#1 {main}[2026-04-02 14:23:00] La page demandée n'existe pas. in /Users/michaelpeltier/Desktop/OpenClassrooms/PROJET_4/TomTroc/App/Core/Router.php:141
#0 /Users/michaelpeltier/Desktop/OpenClassrooms/PROJET_4/TomTroc/index.php(22): App\Core\Router->dispatch('GET', '/.well-known/ap...')
#1 {main}[2026-04-02 14:23:07] La page demandée n'existe pas. in /Users/michaelpeltier/Desktop/OpenClassrooms/PROJET_4/TomTroc/App/Core/Router.php:141
#0 /Users/michaelpeltier/Desktop/OpenClassrooms/PROJET_4/TomTroc/index.php(22): App\Core\Router->dispatch('GET', '/.well-known/ap...')
#1 {main}[2026-04-02 14:25:49] La page demandée n'existe pas. in /Users/michaelpeltier/Desktop/OpenClassrooms/PROJET_4/TomTroc/App/Core/Router.php:141
#0 /Users/michaelpeltier/Desktop/OpenClassrooms/PROJET_4/TomTroc/index.php(22): App\Core\Router->dispatch('GET', '/.well-known/ap...')
#1 {main}[2026-04-02 14:25:52] La page demandée n'existe pas. in /Users/michaelpeltier/Desktop/OpenClassrooms/PROJET_4/TomTroc/App/Core/Router.php:141
#0 /Users/michaelpeltier/Desktop/OpenClassrooms/PROJET_4/TomTroc/index.php(22): App\Core\Router->dispatch('GET', '/.well-known/ap...')
#1 {main}[2026-04-02 14:25:55] La page demandée n'existe pas. in /Users/michaelpeltier/Desktop/OpenClassrooms/PROJET_4/TomTroc/App/Core/Router.php:141
#0 /Users/michaelpeltier/Desktop/OpenClassrooms/PROJET_4/TomTroc/index.php(22): App\Core\Router->dispatch('GET', '/.well-known/ap...')
#1 {main}[2026-04-02 14:27:21] La page demandée n'existe pas. in /Users/michaelpeltier/Desktop/OpenClassrooms/PROJET_4/TomTroc/App/Core/Router.php:141
#0 /Users/michaelpeltier/Desktop/OpenClassrooms/PROJET_4/TomTroc/index.php(22): App\Core\Router->dispatch('GET', '/.well-known/ap...')
#1 {main}[2026-04-02 14:28:15] La page demandée n'existe pas. in /Users/michaelpeltier/Desktop/OpenClassrooms/PROJET_4/TomTroc/App/Core/Router.php:141
#0 /Users/michaelpeltier/Desktop/OpenClassrooms/PROJET_4/TomTroc/index.php(22): App\Core\Router->dispatch('GET', '/.well-known/ap...')
#1 {main}[2026-04-02 14:28:42] La page demandée n'existe pas. in /Users/michaelpeltier/Desktop/OpenClassrooms/PROJET_4/TomTroc/App/Core/Router.php:141
#0 /Users/michaelpeltier/Desktop/OpenClassrooms/PROJET_4/TomTroc/index.php(22): App\Core\Router->dispatch('GET', '/.well-known/ap...')
#1 {main}[2026-04-02 14:28:49] La page demandée n'existe pas. in /Users/michaelpeltier/Desktop/OpenClassrooms/PROJET_4/TomTroc/App/Core/Router.php:141
#0 /Users/michaelpeltier/Desktop/OpenClassrooms/PROJET_4/TomTroc/index.php(22): App\Core\Router->dispatch('GET', '/.well-known/ap...')
#1 {main}[2026-04-02 14:29:08] La page demandée n'existe pas. in /Users/michaelpeltier/Desktop/OpenClassrooms/PROJET_4/TomTroc/App/Core/Router.php:141
#0 /Users/michaelpeltier/Desktop/OpenClassrooms/PROJET_4/TomTroc/index.php(22): App\Core\Router->dispatch('GET', '/.well-known/ap...')
#1 {main}[2026-04-02 14:29:47] La page demandée n'existe pas. in /Users/michaelpeltier/Desktop/OpenClassrooms/PROJET_4/TomTroc/App/Core/Router.php:141
#0 /Users/michaelpeltier/Desktop/OpenClassrooms/PROJET_4/TomTroc/index.php(22): App\Core\Router->dispatch('GET', '/.well-known/ap...')
#1 {main}[2026-04-02 14:30:08] La page demandée n'existe pas. in /Users/michaelpeltier/Desktop/OpenClassrooms/PROJET_4/TomTroc/App/Core/Router.php:141
#0 /Users/michaelpeltier/Desktop/OpenClassrooms/PROJET_4/TomTroc/index.php(22): App\Core\Router->dispatch('GET', '/.well-known/ap...')
#1 {main}[2026-04-02 14:30:34] La page demandée n'existe pas. in /Users/michaelpeltier/Desktop/OpenClassrooms/PROJET_4/TomTroc/App/Core/Router.php:141
#0 /Users/michaelpeltier/Desktop/OpenClassrooms/PROJET_4/TomTroc/index.php(22): App\Core\Router->dispatch('GET', '/.well-known/ap...')
#1 {main}[2026-04-02 14:30:54] La page demandée n'existe pas. in /Users/michaelpeltier/Desktop/OpenClassrooms/PROJET_4/TomTroc/App/Core/Router.php:141
#0 /Users/michaelpeltier/Desktop/OpenClassrooms/PROJET_4/TomTroc/index.php(22): App\Core\Router->dispatch('GET', '/.well-known/ap...')
#1 {main}[2026-04-02 14:31:20] La page demandée n'existe pas. in /Users/michaelpeltier/Desktop/OpenClassrooms/PROJET_4/TomTroc/App/Core/Router.php:141
#0 /Users/michaelpeltier/Desktop/OpenClassrooms/PROJET_4/TomTroc/index.php(22): App\Core\Router->dispatch('GET', '/.well-known/ap...')
#1 {main}[2026-04-02 14:31:59] La page demandée n'existe pas. in /Users/michaelpeltier/Desktop/OpenClassrooms/PROJET_4/TomTroc/App/Core/Router.php:141
#0 /Users/michaelpeltier/Desktop/OpenClassrooms/PROJET_4/TomTroc/index.php(22): App\Core\Router->dispatch('GET', '/.well-known/ap...')
#1 {main}[2026-04-02 14:32:25] La page demandée n'existe pas. in /Users/michaelpeltier/Desktop/OpenClassrooms/PROJET_4/TomTroc/App/Core/Router.php:141
#0 /Users/michaelpeltier/Desktop/OpenClassrooms/PROJET_4/TomTroc/index.php(22): App\Core\Router->dispatch('GET', '/.well-known/ap...')
#1 {main}[2026-04-02 14:32:35] La page demandée n'existe pas. in /Users/michaelpeltier/Desktop/OpenClassrooms/PROJET_4/TomTroc/App/Core/Router.php:141
#0 /Users/michaelpeltier/Desktop/OpenClassrooms/PROJET_4/TomTroc/index.php(22): App\Core\Router->dispatch('GET', '/.well-known/ap...')
#1 {main}[2026-04-02 14:33:04] La page demandée n'existe pas. in /Users/michaelpeltier/Desktop/OpenClassrooms/PROJET_4/TomTroc/App/Core/Router.php:141
#0 /Users/michaelpeltier/Desktop/OpenClassrooms/PROJET_4/TomTroc/index.php(22): App\Core\Router->dispatch('GET', '/.well-known/ap...')
#1 {main}[2026-04-02 14:33:56] La page demandée n'existe pas. in /Users/michaelpeltier/Desktop/OpenClassrooms/PROJET_4/TomTroc/App/Core/Router.php:141
#0 /Users/michaelpeltier/Desktop/OpenClassrooms/PROJET_4/TomTroc/index.php(22): App\Core\Router->dispatch('GET', '/.well-known/ap...')
#1 {main}[2026-04-02 14:35:37] La page demandée n'existe pas. in /Users/michaelpeltier/Desktop/OpenClassrooms/PROJET_4/TomTroc/App/Core/Router.php:141
#0 /Users/michaelpeltier/Desktop/OpenClassrooms/PROJET_4/TomTroc/index.php(22): App\Core\Router->dispatch('GET', '/.well-known/ap...')
#1 {main}[2026-04-02 14:36:23] La page demandée n'existe pas. in /Users/michaelpeltier/Desktop/OpenClassrooms/PROJET_4/TomTroc/App/Core/Router.php:141
#0 /Users/michaelpeltier/Desktop/OpenClassrooms/PROJET_4/TomTroc/index.php(22): App\Core\Router->dispatch('GET', '/.well-known/ap...')
#1 {main}[2026-04-02 14:38:12] La page demandée n'existe pas. in /Users/michaelpeltier/Desktop/OpenClassrooms/PROJET_4/TomTroc/App/Core/Router.php:141
#0 /Users/michaelpeltier/Desktop/OpenClassrooms/PROJET_4/TomTroc/index.php(22): App\Core\Router->dispatch('GET', '/.well-known/ap...')
#1 {main}[2026-04-02 14:38:37] La page demandée n'existe pas. in /Users/michaelpeltier/Desktop/OpenClassrooms/PROJET_4/TomTroc/App/Core/Router.php:141
#0 /Users/michaelpeltier/Desktop/OpenClassrooms/PROJET_4/TomTroc/index.php(22): App\Core\Router->dispatch('GET', '/.well-known/ap...')
#1 {main}[2026-04-02 14:39:50] La page demandée n'existe pas. in /Users/michaelpeltier/Desktop/OpenClassrooms/PROJET_4/TomTroc/App/Core/Router.php:141
#0 /Users/michaelpeltier/Desktop/OpenClassrooms/PROJET_4/TomTroc/index.php(22): App\Core\Router->dispatch('GET', '/.well-known/ap...')
#1 {main}[2026-04-02 14:41:36] La page demandée n'existe pas. in /Users/michaelpeltier/Desktop/OpenClassrooms/PROJET_4/TomTroc/App/Core/Router.php:141
#0 /Users/michaelpeltier/Desktop/OpenClassrooms/PROJET_4/TomTroc/index.php(22): App\Core\Router->dispatch('GET', '/.well-known/ap...')
#1 {main}[2026-04-02 14:42:08] La page demandée n'existe pas. in /Users/michaelpeltier/Desktop/OpenClassrooms/PROJET_4/TomTroc/App/Core/Router.php:141
#0 /Users/michaelpeltier/Desktop/OpenClassrooms/PROJET_4/TomTroc/index.php(22): App\Core\Router->dispatch('GET', '/.well-known/ap...')
#1 {main}[2026-04-02 14:42:48] La page demandée n'existe pas. in /Users/michaelpeltier/Desktop/OpenClassrooms/PROJET_4/TomTroc/App/Core/Router.php:141
#0 /Users/michaelpeltier/Desktop/OpenClassrooms/PROJET_4/TomTroc/index.php(22): App\Core\Router->dispatch('GET', '/.well-known/ap...')
#1 {main}[2026-04-02 14:43:41] La page demandée n'existe pas. in /Users/michaelpeltier/Desktop/OpenClassrooms/PROJET_4/TomTroc/App/Core/Router.php:141
#0 /Users/michaelpeltier/Desktop/OpenClassrooms/PROJET_4/TomTroc/index.php(22): App\Core\Router->dispatch('GET', '/.well-known/ap...')
#1 {main}[2026-04-02 14:44:50] La page demandée n'existe pas. in /Users/michaelpeltier/Desktop/OpenClassrooms/PROJET_4/TomTroc/App/Core/Router.php:141
#0 /Users/michaelpeltier/Desktop/OpenClassrooms/PROJET_4/TomTroc/index.php(22): App\Core\Router->dispatch('GET', '/.well-known/ap...')
#1 {main}[2026-04-02 15:19:43] La page demandée n'existe pas. in /Users/michaelpeltier/Desktop/OpenClassrooms/PROJET_4/TomTroc/App/Core/Router.php:141
#0 /Users/michaelpeltier/Desktop/OpenClassrooms/PROJET_4/TomTroc/index.php(22): App\Core\Router->dispatch('GET', '/.well-known/ap...')
#1 {main}[2026-04-02 15:19:47] La page demandée n'existe pas. in /Users/michaelpeltier/Desktop/OpenClassrooms/PROJET_4/TomTroc/App/Core/Router.php:141
#0 /Users/michaelpeltier/Desktop/OpenClassrooms/PROJET_4/TomTroc/index.php(22): App\Core\Router->dispatch('GET', '/.well-known/ap...')
#1 {main}[2026-04-02 15:22:41] La page demandée n'existe pas. in /Users/michaelpeltier/Desktop/OpenClassrooms/PROJET_4/TomTroc/App/Core/Router.php:141
#0 /Users/michaelpeltier/Desktop/OpenClassrooms/PROJET_4/TomTroc/index.php(22): App\Core\Router->dispatch('GET', '/.well-known/ap...')
#1 {main}[2026-04-02 15:23:18] La page demandée n'existe pas. in /Users/michaelpeltier/Desktop/OpenClassrooms/PROJET_4/TomTroc/App/Core/Router.php:141
#0 /Users/michaelpeltier/Desktop/OpenClassrooms/PROJET_4/TomTroc/index.php(22): App\Core\Router->dispatch('GET', '/.well-known/ap...')
#1 {main}[2026-04-02 15:23:31] La page demandée n'existe pas. in /Users/michaelpeltier/Desktop/OpenClassrooms/PROJET_4/TomTroc/App/Core/Router.php:141
#0 /Users/michaelpeltier/Desktop/OpenClassrooms/PROJET_4/TomTroc/index.php(22): App\Core\Router->dispatch('GET', '/.well-known/ap...')
#1 {main}[2026-04-02 15:24:09] La page demandée n'existe pas. in /Users/michaelpeltier/Desktop/OpenClassrooms/PROJET_4/TomTroc/App/Core/Router.php:141
#0 /Users/michaelpeltier/Desktop/OpenClassrooms/PROJET_4/TomTroc/index.php(22): App\Core\Router->dispatch('GET', '/.well-known/ap...')
#1 {main}[2026-04-02 15:24:52] La page demandée n'existe pas. in /Users/michaelpeltier/Desktop/OpenClassrooms/PROJET_4/TomTroc/App/Core/Router.php:141
#0 /Users/michaelpeltier/Desktop/OpenClassrooms/PROJET_4/TomTroc/index.php(22): App\Core\Router->dispatch('GET', '/.well-known/ap...')
#1 {main}[2026-04-02 15:25:33] La page demandée n'existe pas. in /Users/michaelpeltier/Desktop/OpenClassrooms/PROJET_4/TomTroc/App/Core/Router.php:141
#0 /Users/michaelpeltier/Desktop/OpenClassrooms/PROJET_4/TomTroc/index.php(22): App\Core\Router->dispatch('GET', '/.well-known/ap...')
#1 {main}[2026-04-02 15:25:40] La page demandée n'existe pas. in /Users/michaelpeltier/Desktop/OpenClassrooms/PROJET_4/TomTroc/App/Core/Router.php:141
#0 /Users/michaelpeltier/Desktop/OpenClassrooms/PROJET_4/TomTroc/index.php(22): App\Core\Router->dispatch('GET', '/.well-known/ap...')
#1 {main}[2026-04-02 15:26:25] La page demandée n'existe pas. in /Users/michaelpeltier/Desktop/OpenClassrooms/PROJET_4/TomTroc/App/Core/Router.php:141
#0 /Users/michaelpeltier/Desktop/OpenClassrooms/PROJET_4/TomTroc/index.php(22): App\Core\Router->dispatch('GET', '/.well-known/ap...')
#1 {main}[2026-04-02 15:26:38] La page demandée n'existe pas. in /Users/michaelpeltier/Desktop/OpenClassrooms/PROJET_4/TomTroc/App/Core/Router.php:141
#0 /Users/michaelpeltier/Desktop/OpenClassrooms/PROJET_4/TomTroc/index.php(22): App\Core\Router->dispatch('GET', '/.well-known/ap...')
#1 {main}[2026-04-02 15:27:27] La page demandée n'existe pas. in /Users/michaelpeltier/Desktop/OpenClassrooms/PROJET_4/TomTroc/App/Core/Router.php:141
#0 /Users/michaelpeltier/Desktop/OpenClassrooms/PROJET_4/TomTroc/index.php(22): App\Core\Router->dispatch('GET', '/.well-known/ap...')
#1 {main}[2026-04-02 15:28:43] La page demandée n'existe pas. in /Users/michaelpeltier/Desktop/OpenClassrooms/PROJET_4/TomTroc/App/Core/Router.php:141
#0 /Users/michaelpeltier/Desktop/OpenClassrooms/PROJET_4/TomTroc/index.php(22): App\Core\Router->dispatch('GET', '/.well-known/ap...')
#1 {main}[2026-04-02 15:29:51] La page demandée n'existe pas. in /Users/michaelpeltier/Desktop/OpenClassrooms/PROJET_4/TomTroc/App/Core/Router.php:141
#0 /Users/michaelpeltier/Desktop/OpenClassrooms/PROJET_4/TomTroc/index.php(22): App\Core\Router->dispatch('GET', '/.well-known/ap...')
#1 {main}[2026-04-02 15:30:27] La page demandée n'existe pas. in /Users/michaelpeltier/Desktop/OpenClassrooms/PROJET_4/TomTroc/App/Core/Router.php:141
#0 /Users/michaelpeltier/Desktop/OpenClassrooms/PROJET_4/TomTroc/index.php(22): App\Core\Router->dispatch('GET', '/.well-known/ap...')
#1 {main}[2026-04-02 15:30:48] La page demandée n'existe pas. in /Users/michaelpeltier/Desktop/OpenClassrooms/PROJET_4/TomTroc/App/Core/Router.php:141
#0 /Users/michaelpeltier/Desktop/OpenClassrooms/PROJET_4/TomTroc/index.php(22): App\Core\Router->dispatch('GET', '/.well-known/ap...')
#1 {main}[2026-04-02 15:31:06] La page demandée n'existe pas. in /Users/michaelpeltier/Desktop/OpenClassrooms/PROJET_4/TomTroc/App/Core/Router.php:141
#0 /Users/michaelpeltier/Desktop/OpenClassrooms/PROJET_4/TomTroc/index.php(22): App\Core\Router->dispatch('GET', '/.well-known/ap...')
#1 {main}[2026-04-02 15:32:13] La page demandée n'existe pas. in /Users/michaelpeltier/Desktop/OpenClassrooms/PROJET_4/TomTroc/App/Core/Router.php:141
#0 /Users/michaelpeltier/Desktop/OpenClassrooms/PROJET_4/TomTroc/index.php(22): App\Core\Router->dispatch('GET', '/.well-known/ap...')
#1 {main}[2026-04-02 15:32:33] La page demandée n'existe pas. in /Users/michaelpeltier/Desktop/OpenClassrooms/PROJET_4/TomTroc/App/Core/Router.php:141
#0 /Users/michaelpeltier/Desktop/OpenClassrooms/PROJET_4/TomTroc/index.php(22): App\Core\Router->dispatch('GET', '/.well-known/ap...')
#1 {main}[2026-04-02 15:32:42] La page demandée n'existe pas. in /Users/michaelpeltier/Desktop/OpenClassrooms/PROJET_4/TomTroc/App/Core/Router.php:141
#0 /Users/michaelpeltier/Desktop/OpenClassrooms/PROJET_4/TomTroc/index.php(22): App\Core\Router->dispatch('GET', '/.well-known/ap...')
#1 {main}[2026-04-02 15:34:37] La page demandée n'existe pas. in /Users/michaelpeltier/Desktop/OpenClassrooms/PROJET_4/TomTroc/App/Core/Router.php:141
#0 /Users/michaelpeltier/Desktop/OpenClassrooms/PROJET_4/TomTroc/index.php(22): App\Core\Router->dispatch('GET', '/.well-known/ap...')
#1 {main}[2026-04-02 15:35:12] La page demandée n'existe pas. in /Users/michaelpeltier/Desktop/OpenClassrooms/PROJET_4/TomTroc/App/Core/Router.php:141
#0 /Users/michaelpeltier/Desktop/OpenClassrooms/PROJET_4/TomTroc/index.php(22): App\Core\Router->dispatch('GET', '/.well-known/ap...')
#1 {main}[2026-04-02 15:35:56] La page demandée n'existe pas. in /Users/michaelpeltier/Desktop/OpenClassrooms/PROJET_4/TomTroc/App/Core/Router.php:141
#0 /Users/michaelpeltier/Desktop/OpenClassrooms/PROJET_4/TomTroc/index.php(22): App\Core\Router->dispatch('GET', '/.well-known/ap...')
#1 {main}[2026-04-02 15:36:19] La page demandée n'existe pas. in /Users/michaelpeltier/Desktop/OpenClassrooms/PROJET_4/TomTroc/App/Core/Router.php:141
#0 /Users/michaelpeltier/Desktop/OpenClassrooms/PROJET_4/TomTroc/index.php(22): App\Core\Router->dispatch('GET', '/.well-known/ap...')
#1 {main}[2026-04-02 15:36:37] La page demandée n'existe pas. in /Users/michaelpeltier/Desktop/OpenClassrooms/PROJET_4/TomTroc/App/Core/Router.php:141
#0 /Users/michaelpeltier/Desktop/OpenClassrooms/PROJET_4/TomTroc/index.php(22): App\Core\Router->dispatch('GET', '/.well-known/ap...')
#1 {main}[2026-04-02 15:36:44] La page demandée n'existe pas. in /Users/michaelpeltier/Desktop/OpenClassrooms/PROJET_4/TomTroc/App/Core/Router.php:141
#0 /Users/michaelpeltier/Desktop/OpenClassrooms/PROJET_4/TomTroc/index.php(22): App\Core\Router->dispatch('GET', '/.well-known/ap...')
#1 {main}[2026-04-02 15:37:16] La page demandée n'existe pas. in /Users/michaelpeltier/Desktop/OpenClassrooms/PROJET_4/TomTroc/App/Core/Router.php:141
#0 /Users/michaelpeltier/Desktop/OpenClassrooms/PROJET_4/TomTroc/index.php(22): App\Core\Router->dispatch('GET', '/.well-known/ap...')
#1 {main}[2026-04-02 15:38:04] La page demandée n'existe pas. in /Users/michaelpeltier/Desktop/OpenClassrooms/PROJET_4/TomTroc/App/Core/Router.php:141
#0 /Users/michaelpeltier/Desktop/OpenClassrooms/PROJET_4/TomTroc/index.php(22): App\Core\Router->dispatch('GET', '/.well-known/ap...')
#1 {main}[2026-04-02 15:38:48] La page demandée n'existe pas. in /Users/michaelpeltier/Desktop/OpenClassrooms/PROJET_4/TomTroc/App/Core/Router.php:141
#0 /Users/michaelpeltier/Desktop/OpenClassrooms/PROJET_4/TomTroc/index.php(22): App\Core\Router->dispatch('GET', '/.well-known/ap...')
#1 {main}[2026-04-02 15:39:12] La page demandée n'existe pas. in /Users/michaelpeltier/Desktop/OpenClassrooms/PROJET_4/TomTroc/App/Core/Router.php:141
#0 /Users/michaelpeltier/Desktop/OpenClassrooms/PROJET_4/TomTroc/index.php(22): App\Core\Router->dispatch('GET', '/.well-known/ap...')
#1 {main}[2026-04-02 15:40:31] La page demandée n'existe pas. in /Users/michaelpeltier/Desktop/OpenClassrooms/PROJET_4/TomTroc/App/Core/Router.php:141
#0 /Users/michaelpeltier/Desktop/OpenClassrooms/PROJET_4/TomTroc/index.php(22): App\Core\Router->dispatch('GET', '/.well-known/ap...')
#1 {main}[2026-04-02 15:41:21] La page demandée n'existe pas. in /Users/michaelpeltier/Desktop/OpenClassrooms/PROJET_4/TomTroc/App/Core/Router.php:141
#0 /Users/michaelpeltier/Desktop/OpenClassrooms/PROJET_4/TomTroc/index.php(22): App\Core\Router->dispatch('GET', '/.well-known/ap...')
#1 {main}[2026-04-02 15:42:00] La page demandée n'existe pas. in /Users/michaelpeltier/Desktop/OpenClassrooms/PROJET_4/TomTroc/App/Core/Router.php:141
#0 /Users/michaelpeltier/Desktop/OpenClassrooms/PROJET_4/TomTroc/index.php(22): App\Core\Router->dispatch('GET', '/.well-known/ap...')
#1 {main}[2026-04-02 15:42:36] La page demandée n'existe pas. in /Users/michaelpeltier/Desktop/OpenClassrooms/PROJET_4/TomTroc/App/Core/Router.php:141
#0 /Users/michaelpeltier/Desktop/OpenClassrooms/PROJET_4/TomTroc/index.php(22): App\Core\Router->dispatch('GET', '/.well-known/ap...')
#1 {main}[2026-04-02 15:43:09] La page demandée n'existe pas. in /Users/michaelpeltier/Desktop/OpenClassrooms/PROJET_4/TomTroc/App/Core/Router.php:141
#0 /Users/michaelpeltier/Desktop/OpenClassrooms/PROJET_4/TomTroc/index.php(22): App\Core\Router->dispatch('GET', '/.well-known/ap...')
#1 {main}[2026-04-02 15:43:13] La page demandée n'existe pas. in /Users/michaelpeltier/Desktop/OpenClassrooms/PROJET_4/TomTroc/App/Core/Router.php:141
#0 /Users/michaelpeltier/Desktop/OpenClassrooms/PROJET_4/TomTroc/index.php(22): App\Core\Router->dispatch('GET', '/.well-known/ap...')
#1 {main}[2026-04-02 15:45:38] La page demandée n'existe pas. in /Users/michaelpeltier/Desktop/OpenClassrooms/PROJET_4/TomTroc/App/Core/Router.php:141
#0 /Users/michaelpeltier/Desktop/OpenClassrooms/PROJET_4/TomTroc/index.php(22): App\Core\Router->dispatch('GET', '/.well-known/ap...')
#1 {main}[2026-04-02 15:46:29] La page demandée n'existe pas. in /Users/michaelpeltier/Desktop/OpenClassrooms/PROJET_4/TomTroc/App/Core/Router.php:141
#0 /Users/michaelpeltier/Desktop/OpenClassrooms/PROJET_4/TomTroc/index.php(22): App\Core\Router->dispatch('GET', '/.well-known/ap...')
#1 {main}[2026-04-02 15:46:59] La page demandée n'existe pas. in /Users/michaelpeltier/Desktop/OpenClassrooms/PROJET_4/TomTroc/App/Core/Router.php:141
#0 /Users/michaelpeltier/Desktop/OpenClassrooms/PROJET_4/TomTroc/index.php(22): App\Core\Router->dispatch('GET', '/.well-known/ap...')
#1 {main}[2026-04-02 15:53:51] La page demandée n'existe pas. in /Users/michaelpeltier/Desktop/OpenClassrooms/PROJET_4/TomTroc/App/Core/Router.php:141
#0 /Users/michaelpeltier/Desktop/OpenClassrooms/PROJET_4/TomTroc/index.php(22): App\Core\Router->dispatch('GET', '/.well-known/ap...')
#1 {main}[2026-04-02 15:54:18] La page demandée n'existe pas. in /Users/michaelpeltier/Desktop/OpenClassrooms/PROJET_4/TomTroc/App/Core/Router.php:141
#0 /Users/michaelpeltier/Desktop/OpenClassrooms/PROJET_4/TomTroc/index.php(22): App\Core\Router->dispatch('GET', '/.well-known/ap...')
#1 {main}[2026-04-02 15:55:23] La page demandée n'existe pas. in /Users/michaelpeltier/Desktop/OpenClassrooms/PROJET_4/TomTroc/App/Core/Router.php:141
#0 /Users/michaelpeltier/Desktop/OpenClassrooms/PROJET_4/TomTroc/index.php(22): App\Core\Router->dispatch('GET', '/.well-known/ap...')
#1 {main}[2026-04-02 15:57:41] La page demandée n'existe pas. in /Users/michaelpeltier/Desktop/OpenClassrooms/PROJET_4/TomTroc/App/Core/Router.php:141
#0 /Users/michaelpeltier/Desktop/OpenClassrooms/PROJET_4/TomTroc/index.php(22): App\Core\Router->dispatch('GET', '/.well-known/ap...')
#1 {main}[2026-04-02 15:58:12] La page demandée n'existe pas. in /Users/michaelpeltier/Desktop/OpenClassrooms/PROJET_4/TomTroc/App/Core/Router.php:141
#0 /Users/michaelpeltier/Desktop/OpenClassrooms/PROJET_4/TomTroc/index.php(22): App\Core\Router->dispatch('GET', '/.well-known/ap...')
#1 {main}[2026-04-02 15:58:56] La page demandée n'existe pas. in /Users/michaelpeltier/Desktop/OpenClassrooms/PROJET_4/TomTroc/App/Core/Router.php:141
#0 /Users/michaelpeltier/Desktop/OpenClassrooms/PROJET_4/TomTroc/index.php(22): App\Core\Router->dispatch('GET', '/.well-known/ap...')
#1 {main}[2026-04-02 15:59:12] La page demandée n'existe pas. in /Users/michaelpeltier/Desktop/OpenClassrooms/PROJET_4/TomTroc/App/Core/Router.php:141
#0 /Users/michaelpeltier/Desktop/OpenClassrooms/PROJET_4/TomTroc/index.php(22): App\Core\Router->dispatch('GET', '/.well-known/ap...')
#1 {main}[2026-04-02 15:59:47] La page demandée n'existe pas. in /Users/michaelpeltier/Desktop/OpenClassrooms/PROJET_4/TomTroc/App/Core/Router.php:141
#0 /Users/michaelpeltier/Desktop/OpenClassrooms/PROJET_4/TomTroc/index.php(22): App\Core\Router->dispatch('GET', '/.well-known/ap...')
#1 {main}[2026-04-02 16:00:20] La page demandée n'existe pas. in /Users/michaelpeltier/Desktop/OpenClassrooms/PROJET_4/TomTroc/App/Core/Router.php:141
#0 /Users/michaelpeltier/Desktop/OpenClassrooms/PROJET_4/TomTroc/index.php(22): App\Core\Router->dispatch('GET', '/.well-known/ap...')
#1 {main}[2026-04-02 16:00:59] La page demandée n'existe pas. in /Users/michaelpeltier/Desktop/OpenClassrooms/PROJET_4/TomTroc/App/Core/Router.php:141
#0 /Users/michaelpeltier/Desktop/OpenClassrooms/PROJET_4/TomTroc/index.php(22): App\Core\Router->dispatch('GET', '/.well-known/ap...')
#1 {main}[2026-04-02 17:36:47] La page demandée n'existe pas. in /Users/michaelpeltier/Desktop/OpenClassrooms/PROJET_4/TomTroc/App/Core/Router.php:141
#0 /Users/michaelpeltier/Desktop/OpenClassrooms/PROJET_4/TomTroc/index.php(22): App\Core\Router->dispatch('GET', '/.well-known/ap...')
#1 {main}[2026-04-02 17:36:48] La page demandée n'existe pas. in /Users/michaelpeltier/Desktop/OpenClassrooms/PROJET_4/TomTroc/App/Core/Router.php:141
#0 /Users/michaelpeltier/Desktop/OpenClassrooms/PROJET_4/TomTroc/index.php(22): App\Core\Router->dispatch('GET', '/.well-known/ap...')
#1 {main}[2026-04-02 17:37:08] La page demandée n'existe pas. in /Users/michaelpeltier/Desktop/OpenClassrooms/PROJET_4/TomTroc/App/Core/Router.php:141
#0 /Users/michaelpeltier/Desktop/OpenClassrooms/PROJET_4/TomTroc/index.php(22): App\Core\Router->dispatch('GET', '/.well-known/ap...')
#1 {main}[2026-04-02 17:37:15] La page demandée n'existe pas. in /Users/michaelpeltier/Desktop/OpenClassrooms/PROJET_4/TomTroc/App/Core/Router.php:141
#0 /Users/michaelpeltier/Desktop/OpenClassrooms/PROJET_4/TomTroc/index.php(22): App\Core\Router->dispatch('GET', '/.well-known/ap...')
#1 {main}[2026-04-02 17:37:35] La page demandée n'existe pas. in /Users/michaelpeltier/Desktop/OpenClassrooms/PROJET_4/TomTroc/App/Core/Router.php:141
#0 /Users/michaelpeltier/Desktop/OpenClassrooms/PROJET_4/TomTroc/index.php(22): App\Core\Router->dispatch('GET', '/.well-known/ap...')
#1 {main}[2026-04-02 17:38:49] La page demandée n'existe pas. in /Users/michaelpeltier/Desktop/OpenClassrooms/PROJET_4/TomTroc/App/Core/Router.php:141
#0 /Users/michaelpeltier/Desktop/OpenClassrooms/PROJET_4/TomTroc/index.php(22): App\Core\Router->dispatch('GET', '/.well-known/ap...')
#1 {main}[2026-04-02 17:39:03] La page demandée n'existe pas. in /Users/michaelpeltier/Desktop/OpenClassrooms/PROJET_4/TomTroc/App/Core/Router.php:141
#0 /Users/michaelpeltier/Desktop/OpenClassrooms/PROJET_4/TomTroc/index.php(22): App\Core\Router->dispatch('GET', '/.well-known/ap...')
#1 {main}[2026-04-02 17:51:02] La page demandée n'existe pas. in /Users/michaelpeltier/Desktop/OpenClassrooms/PROJET_4/TomTroc/App/Core/Router.php:141
#0 /Users/michaelpeltier/Desktop/OpenClassrooms/PROJET_4/TomTroc/index.php(22): App\Core\Router->dispatch('GET', '/.well-known/ap...')
#1 {main}[2026-04-02 17:53:58] La page demandée n'existe pas. in /Users/michaelpeltier/Desktop/OpenClassrooms/PROJET_4/TomTroc/App/Core/Router.php:141
#0 /Users/michaelpeltier/Desktop/OpenClassrooms/PROJET_4/TomTroc/index.php(22): App\Core\Router->dispatch('GET', '/.well-known/ap...')
#1 {main}[2026-04-02 17:54:12] La page demandée n'existe pas. in /Users/michaelpeltier/Desktop/OpenClassrooms/PROJET_4/TomTroc/App/Core/Router.php:141
#0 /Users/michaelpeltier/Desktop/OpenClassrooms/PROJET_4/TomTroc/index.php(22): App\Core\Router->dispatch('GET', '/.well-known/ap...')
#1 {main}[2026-04-02 17:54:19] La page demandée n'existe pas. in /Users/michaelpeltier/Desktop/OpenClassrooms/PROJET_4/TomTroc/App/Core/Router.php:141
#0 /Users/michaelpeltier/Desktop/OpenClassrooms/PROJET_4/TomTroc/index.php(22): App\Core\Router->dispatch('GET', '/.well-known/ap...')
#1 {main}[2026-04-02 17:55:11] La page demandée n'existe pas. in /Users/michaelpeltier/Desktop/OpenClassrooms/PROJET_4/TomTroc/App/Core/Router.php:141
#0 /Users/michaelpeltier/Desktop/OpenClassrooms/PROJET_4/TomTroc/index.php(22): App\Core\Router->dispatch('GET', '/.well-known/ap...')
#1 {main}[2026-04-02 17:55:22] La page demandée n'existe pas. in /Users/michaelpeltier/Desktop/OpenClassrooms/PROJET_4/TomTroc/App/Core/Router.php:141
#0 /Users/michaelpeltier/Desktop/OpenClassrooms/PROJET_4/TomTroc/index.php(22): App\Core\Router->dispatch('GET', '/.well-known/ap...')
#1 {main}[2026-04-02 17:55:51] La page demandée n'existe pas. in /Users/michaelpeltier/Desktop/OpenClassrooms/PROJET_4/TomTroc/App/Core/Router.php:141
#0 /Users/michaelpeltier/Desktop/OpenClassrooms/PROJET_4/TomTroc/index.php(22): App\Core\Router->dispatch('GET', '/.well-known/ap...')
#1 {main}[2026-04-02 17:56:13] La page demandée n'existe pas. in /Users/michaelpeltier/Desktop/OpenClassrooms/PROJET_4/TomTroc/App/Core/Router.php:141
#0 /Users/michaelpeltier/Desktop/OpenClassrooms/PROJET_4/TomTroc/index.php(22): App\Core\Router->dispatch('GET', '/.well-known/ap...')
#1 {main}[2026-04-02 17:56:16] La page demandée n'existe pas. in /Users/michaelpeltier/Desktop/OpenClassrooms/PROJET_4/TomTroc/App/Core/Router.php:141
#0 /Users/michaelpeltier/Desktop/OpenClassrooms/PROJET_4/TomTroc/index.php(22): App\Core\Router->dispatch('GET', '/.well-known/ap...')
#1 {main}[2026-04-02 17:56:34] La page demandée n'existe pas. in /Users/michaelpeltier/Desktop/OpenClassrooms/PROJET_4/TomTroc/App/Core/Router.php:141
#0 /Users/michaelpeltier/Desktop/OpenClassrooms/PROJET_4/TomTroc/index.php(22): App\Core\Router->dispatch('GET', '/.well-known/ap...')
#1 {main}[2026-04-02 17:56:43] La page demandée n'existe pas. in /Users/michaelpeltier/Desktop/OpenClassrooms/PROJET_4/TomTroc/App/Core/Router.php:141
#0 /Users/michaelpeltier/Desktop/OpenClassrooms/PROJET_4/TomTroc/index.php(22): App\Core\Router->dispatch('GET', '/.well-known/ap...')
#1 {main}[2026-04-02 17:57:06] La page demandée n'existe pas. in /Users/michaelpeltier/Desktop/OpenClassrooms/PROJET_4/TomTroc/App/Core/Router.php:141
#0 /Users/michaelpeltier/Desktop/OpenClassrooms/PROJET_4/TomTroc/index.php(22): App\Core\Router->dispatch('GET', '/.well-known/ap...')
#1 {main}[2026-04-02 17:57:12] La page demandée n'existe pas. in /Users/michaelpeltier/Desktop/OpenClassrooms/PROJET_4/TomTroc/App/Core/Router.php:141
#0 /Users/michaelpeltier/Desktop/OpenClassrooms/PROJET_4/TomTroc/index.php(22): App\Core\Router->dispatch('GET', '/.well-known/ap...')
#1 {main}[2026-04-02 17:57:25] La page demandée n'existe pas. in /Users/michaelpeltier/Desktop/OpenClassrooms/PROJET_4/TomTroc/App/Core/Router.php:141
#0 /Users/michaelpeltier/Desktop/OpenClassrooms/PROJET_4/TomTroc/index.php(22): App\Core\Router->dispatch('GET', '/.well-known/ap...')
#1 {main}[2026-04-02 17:57:29] La page demandée n'existe pas. in /Users/michaelpeltier/Desktop/OpenClassrooms/PROJET_4/TomTroc/App/Core/Router.php:141
#0 /Users/michaelpeltier/Desktop/OpenClassrooms/PROJET_4/TomTroc/index.php(22): App\Core\Router->dispatch('GET', '/.well-known/ap...')
#1 {main}[2026-04-02 17:57:31] La page demandée n'existe pas. in /Users/michaelpeltier/Desktop/OpenClassrooms/PROJET_4/TomTroc/App/Core/Router.php:141
#0 /Users/michaelpeltier/Desktop/OpenClassrooms/PROJET_4/TomTroc/index.php(22): App\Core\Router->dispatch('GET', '/.well-known/ap...')
#1 {main}[2026-04-02 17:57:31] La page demandée n'existe pas. in /Users/michaelpeltier/Desktop/OpenClassrooms/PROJET_4/TomTroc/App/Core/Router.php:141
#0 /Users/michaelpeltier/Desktop/OpenClassrooms/PROJET_4/TomTroc/index.php(22): App\Core\Router->dispatch('GET', '/.well-known/ap...')
#1 {main}[2026-04-02 17:57:35] La page demandée n'existe pas. in /Users/michaelpeltier/Desktop/OpenClassrooms/PROJET_4/TomTroc/App/Core/Router.php:141
#0 /Users/michaelpeltier/Desktop/OpenClassrooms/PROJET_4/TomTroc/index.php(22): App\Core\Router->dispatch('GET', '/.well-known/ap...')
#1 {main}[2026-04-02 17:58:01] La page demandée n'existe pas. in /Users/michaelpeltier/Desktop/OpenClassrooms/PROJET_4/TomTroc/App/Core/Router.php:141
#0 /Users/michaelpeltier/Desktop/OpenClassrooms/PROJET_4/TomTroc/index.php(22): App\Core\Router->dispatch('GET', '/.well-known/ap...')
#1 {main}[2026-04-02 17:58:10] La page demandée n'existe pas. in /Users/michaelpeltier/Desktop/OpenClassrooms/PROJET_4/TomTroc/App/Core/Router.php:141
#0 /Users/michaelpeltier/Desktop/OpenClassrooms/PROJET_4/TomTroc/index.php(22): App\Core\Router->dispatch('GET', '/.well-known/ap...')
#1 {main}[2026-04-02 17:58:16] La page demandée n'existe pas. in /Users/michaelpeltier/Desktop/OpenClassrooms/PROJET_4/TomTroc/App/Core/Router.php:141
#0 /Users/michaelpeltier/Desktop/OpenClassrooms/PROJET_4/TomTroc/index.php(22): App\Core\Router->dispatch('GET', '/.well-known/ap...')
#1 {main}[2026-04-02 17:58:27] La page demandée n'existe pas. in /Users/michaelpeltier/Desktop/OpenClassrooms/PROJET_4/TomTroc/App/Core/Router.php:141
#0 /Users/michaelpeltier/Desktop/OpenClassrooms/PROJET_4/TomTroc/index.php(22): App\Core\Router->dispatch('GET', '/.well-known/ap...')
#1 {main}[2026-04-02 17:59:50] La page demandée n'existe pas. in /Users/michaelpeltier/Desktop/OpenClassrooms/PROJET_4/TomTroc/App/Core/Router.php:141
#0 /Users/michaelpeltier/Desktop/OpenClassrooms/PROJET_4/TomTroc/index.php(22): App\Core\Router->dispatch('GET', '/.well-known/ap...')
#1 {main}[2026-04-02 18:01:22] La page demandée n'existe pas. in /Users/michaelpeltier/Desktop/OpenClassrooms/PROJET_4/TomTroc/App/Core/Router.php:141
#0 /Users/michaelpeltier/Desktop/OpenClassrooms/PROJET_4/TomTroc/index.php(22): App\Core\Router->dispatch('GET', '/.well-known/ap...')
#1 {main}[2026-04-02 18:02:05] La page demandée n'existe pas. in /Users/michaelpeltier/Desktop/OpenClassrooms/PROJET_4/TomTroc/App/Core/Router.php:141
#0 /Users/michaelpeltier/Desktop/OpenClassrooms/PROJET_4/TomTroc/index.php(22): App\Core\Router->dispatch('GET', '/.well-known/ap...')
#1 {main}[2026-04-02 18:03:10] La page demandée n'existe pas. in /Users/michaelpeltier/Desktop/OpenClassrooms/PROJET_4/TomTroc/App/Core/Router.php:141
#0 /Users/michaelpeltier/Desktop/OpenClassrooms/PROJET_4/TomTroc/index.php(22): App\Core\Router->dispatch('GET', '/.well-known/ap...')
#1 {main}[2026-04-02 18:04:17] La page demandée n'existe pas. in /Users/michaelpeltier/Desktop/OpenClassrooms/PROJET_4/TomTroc/App/Core/Router.php:141
#0 /Users/michaelpeltier/Desktop/OpenClassrooms/PROJET_4/TomTroc/index.php(22): App\Core\Router->dispatch('GET', '/.well-known/ap...')
#1 {main}[2026-04-02 18:06:09] La page demandée n'existe pas. in /Users/michaelpeltier/Desktop/OpenClassrooms/PROJET_4/TomTroc/App/Core/Router.php:141
#0 /Users/michaelpeltier/Desktop/OpenClassrooms/PROJET_4/TomTroc/index.php(22): App\Core\Router->dispatch('GET', '/.well-known/ap...')
#1 {main}[2026-04-02 18:06:32] La page demandée n'existe pas. in /Users/michaelpeltier/Desktop/OpenClassrooms/PROJET_4/TomTroc/App/Core/Router.php:141
#0 /Users/michaelpeltier/Desktop/OpenClassrooms/PROJET_4/TomTroc/index.php(22): App\Core\Router->dispatch('GET', '/.well-known/ap...')
#1 {main}[2026-04-02 18:07:51] La page demandée n'existe pas. in /Users/michaelpeltier/Desktop/OpenClassrooms/PROJET_4/TomTroc/App/Core/Router.php:141
#0 /Users/michaelpeltier/Desktop/OpenClassrooms/PROJET_4/TomTroc/index.php(22): App\Core\Router->dispatch('GET', '/.well-known/ap...')
#1 {main}[2026-04-02 18:08:15] La page demandée n'existe pas. in /Users/michaelpeltier/Desktop/OpenClassrooms/PROJET_4/TomTroc/App/Core/Router.php:141
#0 /Users/michaelpeltier/Desktop/OpenClassrooms/PROJET_4/TomTroc/index.php(22): App\Core\Router->dispatch('GET', '/.well-known/ap...')
#1 {main}[2026-04-02 18:08:57] La page demandée n'existe pas. in /Users/michaelpeltier/Desktop/OpenClassrooms/PROJET_4/TomTroc/App/Core/Router.php:141
#0 /Users/michaelpeltier/Desktop/OpenClassrooms/PROJET_4/TomTroc/index.php(22): App\Core\Router->dispatch('GET', '/.well-known/ap...')
#1 {main}[2026-04-02 18:11:10] La page demandée n'existe pas. in /Users/michaelpeltier/Desktop/OpenClassrooms/PROJET_4/TomTroc/App/Core/Router.php:141
#0 /Users/michaelpeltier/Desktop/OpenClassrooms/PROJET_4/TomTroc/index.php(22): App\Core\Router->dispatch('GET', '/.well-known/ap...')
#1 {main}[2026-04-02 18:13:29] La page demandée n'existe pas. in /Users/michaelpeltier/Desktop/OpenClassrooms/PROJET_4/TomTroc/App/Core/Router.php:141
#0 /Users/michaelpeltier/Desktop/OpenClassrooms/PROJET_4/TomTroc/index.php(22): App\Core\Router->dispatch('GET', '/.well-known/ap...')
#1 {main}[2026-04-02 18:14:29] La page demandée n'existe pas. in /Users/michaelpeltier/Desktop/OpenClassrooms/PROJET_4/TomTroc/App/Core/Router.php:141
#0 /Users/michaelpeltier/Desktop/OpenClassrooms/PROJET_4/TomTroc/index.php(22): App\Core\Router->dispatch('GET', '/.well-known/ap...')
#1 {main}[2026-04-02 18:15:02] La page demandée n'existe pas. in /Users/michaelpeltier/Desktop/OpenClassrooms/PROJET_4/TomTroc/App/Core/Router.php:141
#0 /Users/michaelpeltier/Desktop/OpenClassrooms/PROJET_4/TomTroc/index.php(22): App\Core\Router->dispatch('GET', '/.well-known/ap...')
#1 {main}[2026-04-03 05:41:26] La page demandée n'existe pas. in /Users/michaelpeltier/Desktop/OpenClassrooms/PROJET_4/TomTroc/App/Core/Router.php:141
#0 /Users/michaelpeltier/Desktop/OpenClassrooms/PROJET_4/TomTroc/index.php(22): App\Core\Router->dispatch('GET', '/.well-known/ap...')
#1 {main}[2026-04-03 05:42:11] La page demandée n'existe pas. in /Users/michaelpeltier/Desktop/OpenClassrooms/PROJET_4/TomTroc/App/Core/Router.php:141
#0 /Users/michaelpeltier/Desktop/OpenClassrooms/PROJET_4/TomTroc/index.php(22): App\Core\Router->dispatch('GET', '/.well-known/ap...')
#1 {main}[2026-04-03 05:42:18] La page demandée n'existe pas. in /Users/michaelpeltier/Desktop/OpenClassrooms/PROJET_4/TomTroc/App/Core/Router.php:141
#0 /Users/michaelpeltier/Desktop/OpenClassrooms/PROJET_4/TomTroc/index.php(22): App\Core\Router->dispatch('GET', '/.well-known/ap...')
#1 {main}[2026-04-03 05:42:47] La page demandée n'existe pas. in /Users/michaelpeltier/Desktop/OpenClassrooms/PROJET_4/TomTroc/App/Core/Router.php:141
#0 /Users/michaelpeltier/Desktop/OpenClassrooms/PROJET_4/TomTroc/index.php(22): App\Core\Router->dispatch('GET', '/.well-known/ap...')
#1 {main}[2026-04-03 05:42:50] La page demandée n'existe pas. in /Users/michaelpeltier/Desktop/OpenClassrooms/PROJET_4/TomTroc/App/Core/Router.php:141
#0 /Users/michaelpeltier/Desktop/OpenClassrooms/PROJET_4/TomTroc/index.php(22): App\Core\Router->dispatch('GET', '/.well-known/ap...')
#1 {main}[2026-04-03 05:42:54] La page demandée n'existe pas. in /Users/michaelpeltier/Desktop/OpenClassrooms/PROJET_4/TomTroc/App/Core/Router.php:141
#0 /Users/michaelpeltier/Desktop/OpenClassrooms/PROJET_4/TomTroc/index.php(22): App\Core\Router->dispatch('GET', '/.well-known/ap...')
#1 {main}[2026-04-03 05:42:58] La page demandée n'existe pas. in /Users/michaelpeltier/Desktop/OpenClassrooms/PROJET_4/TomTroc/App/Core/Router.php:141
#0 /Users/michaelpeltier/Desktop/OpenClassrooms/PROJET_4/TomTroc/index.php(22): App\Core\Router->dispatch('GET', '/.well-known/ap...')
#1 {main}[2026-04-03 05:43:51] La page demandée n'existe pas. in /Users/michaelpeltier/Desktop/OpenClassrooms/PROJET_4/TomTroc/App/Core/Router.php:141
#0 /Users/michaelpeltier/Desktop/OpenClassrooms/PROJET_4/TomTroc/index.php(22): App\Core\Router->dispatch('GET', '/.well-known/ap...')
#1 {main}[2026-04-03 05:43:54] La page demandée n'existe pas. in /Users/michaelpeltier/Desktop/OpenClassrooms/PROJET_4/TomTroc/App/Core/Router.php:141
#0 /Users/michaelpeltier/Desktop/OpenClassrooms/PROJET_4/TomTroc/index.php(22): App\Core\Router->dispatch('GET', '/.well-known/ap...')
#1 {main}[2026-04-03 05:45:07] La page demandée n'existe pas. in /Users/michaelpeltier/Desktop/OpenClassrooms/PROJET_4/TomTroc/App/Core/Router.php:141
#0 /Users/michaelpeltier/Desktop/OpenClassrooms/PROJET_4/TomTroc/index.php(22): App\Core\Router->dispatch('GET', '/.well-known/ap...')
#1 {main}[2026-04-03 05:46:01] La page demandée n'existe pas. in /Users/michaelpeltier/Desktop/OpenClassrooms/PROJET_4/TomTroc/App/Core/Router.php:141
#0 /Users/michaelpeltier/Desktop/OpenClassrooms/PROJET_4/TomTroc/index.php(22): App\Core\Router->dispatch('GET', '/.well-known/ap...')
#1 {main}[2026-04-03 05:46:42] La page demandée n'existe pas. in /Users/michaelpeltier/Desktop/OpenClassrooms/PROJET_4/TomTroc/App/Core/Router.php:141
#0 /Users/michaelpeltier/Desktop/OpenClassrooms/PROJET_4/TomTroc/index.php(22): App\Core\Router->dispatch('GET', '/.well-known/ap...')
#1 {main}[2026-04-03 05:46:51] La page demandée n'existe pas. in /Users/michaelpeltier/Desktop/OpenClassrooms/PROJET_4/TomTroc/App/Core/Router.php:141
#0 /Users/michaelpeltier/Desktop/OpenClassrooms/PROJET_4/TomTroc/index.php(22): App\Core\Router->dispatch('GET', '/.well-known/ap...')
#1 {main}[2026-04-03 05:46:59] La page demandée n'existe pas. in /Users/michaelpeltier/Desktop/OpenClassrooms/PROJET_4/TomTroc/App/Core/Router.php:141
#0 /Users/michaelpeltier/Desktop/OpenClassrooms/PROJET_4/TomTroc/index.php(22): App\Core\Router->dispatch('GET', '/.well-known/ap...')
#1 {main}[2026-04-03 05:47:26] La page demandée n'existe pas. in /Users/michaelpeltier/Desktop/OpenClassrooms/PROJET_4/TomTroc/App/Core/Router.php:141
#0 /Users/michaelpeltier/Desktop/OpenClassrooms/PROJET_4/TomTroc/index.php(22): App\Core\Router->dispatch('GET', '/.well-known/ap...')
#1 {main}[2026-04-03 05:47:40] La page demandée n'existe pas. in /Users/michaelpeltier/Desktop/OpenClassrooms/PROJET_4/TomTroc/App/Core/Router.php:141
#0 /Users/michaelpeltier/Desktop/OpenClassrooms/PROJET_4/TomTroc/index.php(22): App\Core\Router->dispatch('GET', '/.well-known/ap...')
#1 {main}[2026-04-03 05:48:13] La page demandée n'existe pas. in /Users/michaelpeltier/Desktop/OpenClassrooms/PROJET_4/TomTroc/App/Core/Router.php:141
#0 /Users/michaelpeltier/Desktop/OpenClassrooms/PROJET_4/TomTroc/index.php(22): App\Core\Router->dispatch('GET', '/.well-known/ap...')
#1 {main}[2026-04-03 05:48:49] La page demandée n'existe pas. in /Users/michaelpeltier/Desktop/OpenClassrooms/PROJET_4/TomTroc/App/Core/Router.php:141
#0 /Users/michaelpeltier/Desktop/OpenClassrooms/PROJET_4/TomTroc/index.php(22): App\Core\Router->dispatch('GET', '/.well-known/ap...')
#1 {main}[2026-04-03 05:48:50] La page demandée n'existe pas. in /Users/michaelpeltier/Desktop/OpenClassrooms/PROJET_4/TomTroc/App/Core/Router.php:141
#0 /Users/michaelpeltier/Desktop/OpenClassrooms/PROJET_4/TomTroc/index.php(22): App\Core\Router->dispatch('GET', '/.well-known/ap...')
#1 {main}[2026-04-03 05:49:53] La page demandée n'existe pas. in /Users/michaelpeltier/Desktop/OpenClassrooms/PROJET_4/TomTroc/App/Core/Router.php:141
#0 /Users/michaelpeltier/Desktop/OpenClassrooms/PROJET_4/TomTroc/index.php(22): App\Core\Router->dispatch('GET', '/.well-known/ap...')
#1 {main}[2026-04-03 05:50:15] La page demandée n'existe pas. in /Users/michaelpeltier/Desktop/OpenClassrooms/PROJET_4/TomTroc/App/Core/Router.php:141
#0 /Users/michaelpeltier/Desktop/OpenClassrooms/PROJET_4/TomTroc/index.php(22): App\Core\Router->dispatch('GET', '/.well-known/ap...')
#1 {main}[2026-04-03 05:50:50] La page demandée n'existe pas. in /Users/michaelpeltier/Desktop/OpenClassrooms/PROJET_4/TomTroc/App/Core/Router.php:141
#0 /Users/michaelpeltier/Desktop/OpenClassrooms/PROJET_4/TomTroc/index.php(22): App\Core\Router->dispatch('GET', '/.well-known/ap...')
#1 {main}[2026-04-03 05:50:54] La page demandée n'existe pas. in /Users/michaelpeltier/Desktop/OpenClassrooms/PROJET_4/TomTroc/App/Core/Router.php:141
#0 /Users/michaelpeltier/Desktop/OpenClassrooms/PROJET_4/TomTroc/index.php(22): App\Core\Router->dispatch('GET', '/.well-known/ap...')
#1 {main}[2026-04-03 05:51:23] La page demandée n'existe pas. in /Users/michaelpeltier/Desktop/OpenClassrooms/PROJET_4/TomTroc/App/Core/Router.php:141
#0 /Users/michaelpeltier/Desktop/OpenClassrooms/PROJET_4/TomTroc/index.php(22): App\Core\Router->dispatch('GET', '/.well-known/ap...')
#1 {main}[2026-04-03 05:52:55] La page demandée n'existe pas. in /Users/michaelpeltier/Desktop/OpenClassrooms/PROJET_4/TomTroc/App/Core/Router.php:141
#0 /Users/michaelpeltier/Desktop/OpenClassrooms/PROJET_4/TomTroc/index.php(22): App\Core\Router->dispatch('GET', '/.well-known/ap...')
#1 {main}[2026-04-03 05:53:12] La page demandée n'existe pas. in /Users/michaelpeltier/Desktop/OpenClassrooms/PROJET_4/TomTroc/App/Core/Router.php:141
#0 /Users/michaelpeltier/Desktop/OpenClassrooms/PROJET_4/TomTroc/index.php(22): App\Core\Router->dispatch('GET', '/.well-known/ap...')
#1 {main}[2026-04-03 05:53:22] La page demandée n'existe pas. in /Users/michaelpeltier/Desktop/OpenClassrooms/PROJET_4/TomTroc/App/Core/Router.php:141
#0 /Users/michaelpeltier/Desktop/OpenClassrooms/PROJET_4/TomTroc/index.php(22): App\Core\Router->dispatch('GET', '/.well-known/ap...')
#1 {main}[2026-04-03 05:53:35] La page demandée n'existe pas. in /Users/michaelpeltier/Desktop/OpenClassrooms/PROJET_4/TomTroc/App/Core/Router.php:141
#0 /Users/michaelpeltier/Desktop/OpenClassrooms/PROJET_4/TomTroc/index.php(22): App\Core\Router->dispatch('GET', '/.well-known/ap...')
#1 {main}[2026-04-03 05:54:17] La page demandée n'existe pas. in /Users/michaelpeltier/Desktop/OpenClassrooms/PROJET_4/TomTroc/App/Core/Router.php:141
#0 /Users/michaelpeltier/Desktop/OpenClassrooms/PROJET_4/TomTroc/index.php(22): App\Core\Router->dispatch('GET', '/.well-known/ap...')
#1 {main}[2026-04-03 05:54:41] La page demandée n'existe pas. in /Users/michaelpeltier/Desktop/OpenClassrooms/PROJET_4/TomTroc/App/Core/Router.php:141
#0 /Users/michaelpeltier/Desktop/OpenClassrooms/PROJET_4/TomTroc/index.php(22): App\Core\Router->dispatch('GET', '/.well-known/ap...')
#1 {main}[2026-04-03 05:54:58] La page demandée n'existe pas. in /Users/michaelpeltier/Desktop/OpenClassrooms/PROJET_4/TomTroc/App/Core/Router.php:141
#0 /Users/michaelpeltier/Desktop/OpenClassrooms/PROJET_4/TomTroc/index.php(22): App\Core\Router->dispatch('GET', '/.well-known/ap...')
#1 {main}[2026-04-03 05:55:56] La page demandée n'existe pas. in /Users/michaelpeltier/Desktop/OpenClassrooms/PROJET_4/TomTroc/App/Core/Router.php:141
#0 /Users/michaelpeltier/Desktop/OpenClassrooms/PROJET_4/TomTroc/index.php(22): App\Core\Router->dispatch('GET', '/.well-known/ap...')
#1 {main}[2026-04-03 05:56:24] La page demandée n'existe pas. in /Users/michaelpeltier/Desktop/OpenClassrooms/PROJET_4/TomTroc/App/Core/Router.php:141
#0 /Users/michaelpeltier/Desktop/OpenClassrooms/PROJET_4/TomTroc/index.php(22): App\Core\Router->dispatch('GET', '/.well-known/ap...')
#1 {main}[2026-04-03 05:56:29] La page demandée n'existe pas. in /Users/michaelpeltier/Desktop/OpenClassrooms/PROJET_4/TomTroc/App/Core/Router.php:141
#0 /Users/michaelpeltier/Desktop/OpenClassrooms/PROJET_4/TomTroc/index.php(22): App\Core\Router->dispatch('GET', '/.well-known/ap...')
#1 {main}[2026-04-03 05:56:30] La page demandée n'existe pas. in /Users/michaelpeltier/Desktop/OpenClassrooms/PROJET_4/TomTroc/App/Core/Router.php:141
#0 /Users/michaelpeltier/Desktop/OpenClassrooms/PROJET_4/TomTroc/index.php(22): App\Core\Router->dispatch('GET', '/.well-known/ap...')
#1 {main}[2026-04-03 05:56:33] La page demandée n'existe pas. in /Users/michaelpeltier/Desktop/OpenClassrooms/PROJET_4/TomTroc/App/Core/Router.php:141
#0 /Users/michaelpeltier/Desktop/OpenClassrooms/PROJET_4/TomTroc/index.php(22): App\Core\Router->dispatch('GET', '/.well-known/ap...')
#1 {main}[2026-04-03 05:56:45] La page demandée n'existe pas. in /Users/michaelpeltier/Desktop/OpenClassrooms/PROJET_4/TomTroc/App/Core/Router.php:141
#0 /Users/michaelpeltier/Desktop/OpenClassrooms/PROJET_4/TomTroc/index.php(22): App\Core\Router->dispatch('GET', '/.well-known/ap...')
#1 {main}[2026-04-03 05:56:52] La page demandée n'existe pas. in /Users/michaelpeltier/Desktop/OpenClassrooms/PROJET_4/TomTroc/App/Core/Router.php:141
#0 /Users/michaelpeltier/Desktop/OpenClassrooms/PROJET_4/TomTroc/index.php(22): App\Core\Router->dispatch('GET', '/.well-known/ap...')
#1 {main}[2026-04-03 05:56:59] La page demandée n'existe pas. in /Users/michaelpeltier/Desktop/OpenClassrooms/PROJET_4/TomTroc/App/Core/Router.php:141
#0 /Users/michaelpeltier/Desktop/OpenClassrooms/PROJET_4/TomTroc/index.php(22): App\Core\Router->dispatch('GET', '/.well-known/ap...')
#1 {main}[2026-04-03 05:57:07] La page demandée n'existe pas. in /Users/michaelpeltier/Desktop/OpenClassrooms/PROJET_4/TomTroc/App/Core/Router.php:141
#0 /Users/michaelpeltier/Desktop/OpenClassrooms/PROJET_4/TomTroc/index.php(22): App\Core\Router->dispatch('GET', '/.well-known/ap...')
#1 {main}[2026-04-03 05:57:13] La page demandée n'existe pas. in /Users/michaelpeltier/Desktop/OpenClassrooms/PROJET_4/TomTroc/App/Core/Router.php:141
#0 /Users/michaelpeltier/Desktop/OpenClassrooms/PROJET_4/TomTroc/index.php(22): App\Core\Router->dispatch('GET', '/.well-known/ap...')
#1 {main}[2026-04-03 06:00:42] La page demandée n'existe pas. in /Users/michaelpeltier/Desktop/OpenClassrooms/PROJET_4/TomTroc/App/Core/Router.php:141
#0 /Users/michaelpeltier/Desktop/OpenClassrooms/PROJET_4/TomTroc/index.php(22): App\Core\Router->dispatch('GET', '/.well-known/ap...')
#1 {main}[2026-04-03 06:01:01] La page demandée n'existe pas. in /Users/michaelpeltier/Desktop/OpenClassrooms/PROJET_4/TomTroc/App/Core/Router.php:141
#0 /Users/michaelpeltier/Desktop/OpenClassrooms/PROJET_4/TomTroc/index.php(22): App\Core\Router->dispatch('GET', '/.well-known/ap...')
#1 {main}[2026-04-03 06:01:08] La page demandée n'existe pas. in /Users/michaelpeltier/Desktop/OpenClassrooms/PROJET_4/TomTroc/App/Core/Router.php:141
#0 /Users/michaelpeltier/Desktop/OpenClassrooms/PROJET_4/TomTroc/index.php(22): App\Core\Router->dispatch('GET', '/.well-known/ap...')
#1 {main}[2026-04-03 06:01:09] La page demandée n'existe pas. in /Users/michaelpeltier/Desktop/OpenClassrooms/PROJET_4/TomTroc/App/Core/Router.php:141
#0 /Users/michaelpeltier/Desktop/OpenClassrooms/PROJET_4/TomTroc/index.php(22): App\Core\Router->dispatch('GET', '/.well-known/ap...')
#1 {main}[2026-04-03 06:01:19] La page demandée n'existe pas. in /Users/michaelpeltier/Desktop/OpenClassrooms/PROJET_4/TomTroc/App/Core/Router.php:141
#0 /Users/michaelpeltier/Desktop/OpenClassrooms/PROJET_4/TomTroc/index.php(22): App\Core\Router->dispatch('GET', '/.well-known/ap...')
#1 {main}[2026-04-03 06:01:48] La page demandée n'existe pas. in /Users/michaelpeltier/Desktop/OpenClassrooms/PROJET_4/TomTroc/App/Core/Router.php:141
#0 /Users/michaelpeltier/Desktop/OpenClassrooms/PROJET_4/TomTroc/index.php(22): App\Core\Router->dispatch('GET', '/.well-known/ap...')
#1 {main}[2026-04-03 06:02:26] La page demandée n'existe pas. in /Users/michaelpeltier/Desktop/OpenClassrooms/PROJET_4/TomTroc/App/Core/Router.php:141
#0 /Users/michaelpeltier/Desktop/OpenClassrooms/PROJET_4/TomTroc/index.php(22): App\Core\Router->dispatch('GET', '/.well-known/ap...')
#1 {main}[2026-04-03 06:03:04] La page demandée n'existe pas. in /Users/michaelpeltier/Desktop/OpenClassrooms/PROJET_4/TomTroc/App/Core/Router.php:141
#0 /Users/michaelpeltier/Desktop/OpenClassrooms/PROJET_4/TomTroc/index.php(22): App\Core\Router->dispatch('GET', '/.well-known/ap...')
#1 {main}[2026-04-03 06:03:06] La page demandée n'existe pas. in /Users/michaelpeltier/Desktop/OpenClassrooms/PROJET_4/TomTroc/App/Core/Router.php:141
#0 /Users/michaelpeltier/Desktop/OpenClassrooms/PROJET_4/TomTroc/index.php(22): App\Core\Router->dispatch('GET', '/.well-known/ap...')
#1 {main}[2026-04-03 06:04:35] La page demandée n'existe pas. in /Users/michaelpeltier/Desktop/OpenClassrooms/PROJET_4/TomTroc/App/Core/Router.php:141
#0 /Users/michaelpeltier/Desktop/OpenClassrooms/PROJET_4/TomTroc/index.php(22): App\Core\Router->dispatch('GET', '/.well-known/ap...')
#1 {main}[2026-04-03 06:07:17] La page demandée n'existe pas. in /Users/michaelpeltier/Desktop/OpenClassrooms/PROJET_4/TomTroc/App/Core/Router.php:141
#0 /Users/michaelpeltier/Desktop/OpenClassrooms/PROJET_4/TomTroc/index.php(22): App\Core\Router->dispatch('GET', '/.well-known/ap...')
#1 {main}[2026-04-03 06:09:26] La page demandée n'existe pas. in /Users/michaelpeltier/Desktop/OpenClassrooms/PROJET_4/TomTroc/App/Core/Router.php:141
#0 /Users/michaelpeltier/Desktop/OpenClassrooms/PROJET_4/TomTroc/index.php(22): App\Core\Router->dispatch('GET', '/.well-known/ap...')
#1 {main}[2026-04-03 06:09:36] La page demandée n'existe pas. in /Users/michaelpeltier/Desktop/OpenClassrooms/PROJET_4/TomTroc/App/Core/Router.php:141
#0 /Users/michaelpeltier/Desktop/OpenClassrooms/PROJET_4/TomTroc/index.php(22): App\Core\Router->dispatch('GET', '/.well-known/ap...')
#1 {main}[2026-04-03 06:09:39] La page demandée n'existe pas. in /Users/michaelpeltier/Desktop/OpenClassrooms/PROJET_4/TomTroc/App/Core/Router.php:141
#0 /Users/michaelpeltier/Desktop/OpenClassrooms/PROJET_4/TomTroc/index.php(22): App\Core\Router->dispatch('GET', '/.well-known/ap...')
#1 {main}[2026-04-03 06:09:53] La page demandée n'existe pas. in /Users/michaelpeltier/Desktop/OpenClassrooms/PROJET_4/TomTroc/App/Core/Router.php:141
#0 /Users/michaelpeltier/Desktop/OpenClassrooms/PROJET_4/TomTroc/index.php(22): App\Core\Router->dispatch('GET', '/.well-known/ap...')
#1 {main}[2026-04-03 06:11:03] La page demandée n'existe pas. in /Users/michaelpeltier/Desktop/OpenClassrooms/PROJET_4/TomTroc/App/Core/Router.php:141
#0 /Users/michaelpeltier/Desktop/OpenClassrooms/PROJET_4/TomTroc/index.php(22): App\Core\Router->dispatch('GET', '/.well-known/ap...')
#1 {main}[2026-04-03 09:58:23] La page demandée n'existe pas. in /Users/michaelpeltier/Desktop/OpenClassrooms/PROJET_4/TomTroc/App/Core/Router.php:141
#0 /Users/michaelpeltier/Desktop/OpenClassrooms/PROJET_4/TomTroc/index.php(22): App\Core\Router->dispatch('GET', '/.well-known/ap...')
#1 {main}[2026-04-03 10:17:58] La page demandée n'existe pas. in /Users/michaelpeltier/Desktop/OpenClassrooms/PROJET_4/TomTroc/App/Core/Router.php:141
#0 /Users/michaelpeltier/Desktop/OpenClassrooms/PROJET_4/TomTroc/index.php(22): App\Core\Router->dispatch('GET', '/.well-known/ap...')
#1 {main}[2026-04-03 10:20:17] La page demandée n'existe pas. in /Users/michaelpeltier/Desktop/OpenClassrooms/PROJET_4/TomTroc/App/Core/Router.php:141
#0 /Users/michaelpeltier/Desktop/OpenClassrooms/PROJET_4/TomTroc/index.php(22): App\Core\Router->dispatch('GET', '/.well-known/ap...')
#1 {main}[2026-04-03 10:21:16] La page demandée n'existe pas. in /Users/michaelpeltier/Desktop/OpenClassrooms/PROJET_4/TomTroc/App/Core/Router.php:141
#0 /Users/michaelpeltier/Desktop/OpenClassrooms/PROJET_4/TomTroc/index.php(22): App\Core\Router->dispatch('GET', '/.well-known/ap...')
#1 {main}[2026-04-03 10:21:33] La page demandée n'existe pas. in /Users/michaelpeltier/Desktop/OpenClassrooms/PROJET_4/TomTroc/App/Core/Router.php:141
#0 /Users/michaelpeltier/Desktop/OpenClassrooms/PROJET_4/TomTroc/index.php(22): App\Core\Router->dispatch('GET', '/.well-known/ap...')
#1 {main}[2026-04-03 10:21:38] La page demandée n'existe pas. in /Users/michaelpeltier/Desktop/OpenClassrooms/PROJET_4/TomTroc/App/Core/Router.php:141
#0 /Users/michaelpeltier/Desktop/OpenClassrooms/PROJET_4/TomTroc/index.php(22): App\Core\Router->dispatch('GET', '/.well-known/ap...')
#1 {main}[2026-04-03 10:21:38] La page demandée n'existe pas. in /Users/michaelpeltier/Desktop/OpenClassrooms/PROJET_4/TomTroc/App/Core/Router.php:141
#0 /Users/michaelpeltier/Desktop/OpenClassrooms/PROJET_4/TomTroc/index.php(22): App\Core\Router->dispatch('GET', '/.well-known/ap...')
#1 {main}[2026-04-03 10:25:34] La page demandée n'existe pas. in /Users/michaelpeltier/Desktop/OpenClassrooms/PROJET_4/TomTroc/App/Core/Router.php:141
#0 /Users/michaelpeltier/Desktop/OpenClassrooms/PROJET_4/TomTroc/index.php(22): App\Core\Router->dispatch('GET', '/.well-known/ap...')
#1 {main}[2026-04-03 10:25:41] La page demandée n'existe pas. in /Users/michaelpeltier/Desktop/OpenClassrooms/PROJET_4/TomTroc/App/Core/Router.php:141
#0 /Users/michaelpeltier/Desktop/OpenClassrooms/PROJET_4/TomTroc/index.php(22): App\Core\Router->dispatch('GET', '/.well-known/ap...')
#1 {main}[2026-04-03 10:26:43] La page demandée n'existe pas. in /Users/michaelpeltier/Desktop/OpenClassrooms/PROJET_4/TomTroc/App/Core/Router.php:141
#0 /Users/michaelpeltier/Desktop/OpenClassrooms/PROJET_4/TomTroc/index.php(22): App\Core\Router->dispatch('GET', '/.well-known/ap...')
#1 {main}[2026-04-03 10:27:19] La page demandée n'existe pas. in /Users/michaelpeltier/Desktop/OpenClassrooms/PROJET_4/TomTroc/App/Core/Router.php:141
#0 /Users/michaelpeltier/Desktop/OpenClassrooms/PROJET_4/TomTroc/index.php(22): App\Core\Router->dispatch('GET', '/.well-known/ap...')
#1 {main}[2026-04-03 10:28:44] La page demandée n'existe pas. in /Users/michaelpeltier/Desktop/OpenClassrooms/PROJET_4/TomTroc/App/Core/Router.php:141
#0 /Users/michaelpeltier/Desktop/OpenClassrooms/PROJET_4/TomTroc/index.php(22): App\Core\Router->dispatch('GET', '/.well-known/ap...')
#1 {main}[2026-04-03 10:28:57] La page demandée n'existe pas. in /Users/michaelpeltier/Desktop/OpenClassrooms/PROJET_4/TomTroc/App/Core/Router.php:141
#0 /Users/michaelpeltier/Desktop/OpenClassrooms/PROJET_4/TomTroc/index.php(22): App\Core\Router->dispatch('GET', '/.well-known/ap...')
#1 {main}[2026-04-03 10:29:18] La page demandée n'existe pas. in /Users/michaelpeltier/Desktop/OpenClassrooms/PROJET_4/TomTroc/App/Core/Router.php:141
#0 /Users/michaelpeltier/Desktop/OpenClassrooms/PROJET_4/TomTroc/index.php(22): App\Core\Router->dispatch('GET', '/.well-known/ap...')
#1 {main}[2026-04-03 10:31:42] La page demandée n'existe pas. in /Users/michaelpeltier/Desktop/OpenClassrooms/PROJET_4/TomTroc/App/Core/Router.php:141
#0 /Users/michaelpeltier/Desktop/OpenClassrooms/PROJET_4/TomTroc/index.php(22): App\Core\Router->dispatch('GET', '/.well-known/ap...')
#1 {main}[2026-04-03 10:31:48] La page demandée n'existe pas. in /Users/michaelpeltier/Desktop/OpenClassrooms/PROJET_4/TomTroc/App/Core/Router.php:141
#0 /Users/michaelpeltier/Desktop/OpenClassrooms/PROJET_4/TomTroc/index.php(22): App\Core\Router->dispatch('GET', '/.well-known/ap...')
#1 {main}[2026-04-03 10:33:27] La page demandée n'existe pas. in /Users/michaelpeltier/Desktop/OpenClassrooms/PROJET_4/TomTroc/App/Core/Router.php:141
#0 /Users/michaelpeltier/Desktop/OpenClassrooms/PROJET_4/TomTroc/index.php(22): App\Core\Router->dispatch('GET', '/.well-known/ap...')
#1 {main}[2026-04-03 10:33:46] La page demandée n'existe pas. in /Users/michaelpeltier/Desktop/OpenClassrooms/PROJET_4/TomTroc/App/Core/Router.php:141
#0 /Users/michaelpeltier/Desktop/OpenClassrooms/PROJET_4/TomTroc/index.php(22): App\Core\Router->dispatch('GET', '/.well-known/ap...')
#1 {main}[2026-04-03 10:33:51] La page demandée n'existe pas. in /Users/michaelpeltier/Desktop/OpenClassrooms/PROJET_4/TomTroc/App/Core/Router.php:141
#0 /Users/michaelpeltier/Desktop/OpenClassrooms/PROJET_4/TomTroc/index.php(22): App\Core\Router->dispatch('GET', '/.well-known/ap...')
#1 {main}[2026-04-03 10:34:23] La page demandée n'existe pas. in /Users/michaelpeltier/Desktop/OpenClassrooms/PROJET_4/TomTroc/App/Core/Router.php:141
#0 /Users/michaelpeltier/Desktop/OpenClassrooms/PROJET_4/TomTroc/index.php(22): App\Core\Router->dispatch('GET', '/.well-known/ap...')
#1 {main}[2026-04-03 10:34:30] La page demandée n'existe pas. in /Users/michaelpeltier/Desktop/OpenClassrooms/PROJET_4/TomTroc/App/Core/Router.php:141
#0 /Users/michaelpeltier/Desktop/OpenClassrooms/PROJET_4/TomTroc/index.php(22): App\Core\Router->dispatch('GET', '/.well-known/ap...')
#1 {main}[2026-04-03 10:35:57] La page demandée n'existe pas. in /Users/michaelpeltier/Desktop/OpenClassrooms/PROJET_4/TomTroc/App/Core/Router.php:141
#0 /Users/michaelpeltier/Desktop/OpenClassrooms/PROJET_4/TomTroc/index.php(22): App\Core\Router->dispatch('GET', '/.well-known/ap...')
#1 {main}[2026-04-03 10:36:49] La page demandée n'existe pas. in /Users/michaelpeltier/Desktop/OpenClassrooms/PROJET_4/TomTroc/App/Core/Router.php:141
#0 /Users/michaelpeltier/Desktop/OpenClassrooms/PROJET_4/TomTroc/index.php(22): App\Core\Router->dispatch('GET', '/.well-known/ap...')
#1 {main}[2026-04-03 10:37:06] La page demandée n'existe pas. in /Users/michaelpeltier/Desktop/OpenClassrooms/PROJET_4/TomTroc/App/Core/Router.php:141
#0 /Users/michaelpeltier/Desktop/OpenClassrooms/PROJET_4/TomTroc/index.php(22): App\Core\Router->dispatch('GET', '/.well-known/ap...')
#1 {main}[2026-04-03 10:37:06] La page demandée n'existe pas. in /Users/michaelpeltier/Desktop/OpenClassrooms/PROJET_4/TomTroc/App/Core/Router.php:141
#0 /Users/michaelpeltier/Desktop/OpenClassrooms/PROJET_4/TomTroc/index.php(22): App\Core\Router->dispatch('GET', '/.well-known/ap...')
#1 {main}[2026-04-03 10:37:09] La page demandée n'existe pas. in /Users/michaelpeltier/Desktop/OpenClassrooms/PROJET_4/TomTroc/App/Core/Router.php:141
#0 /Users/michaelpeltier/Desktop/OpenClassrooms/PROJET_4/TomTroc/index.php(22): App\Core\Router->dispatch('GET', '/.well-known/ap...')
#1 {main}[2026-04-03 10:39:26] La page demandée n'existe pas. in /Users/michaelpeltier/Desktop/OpenClassrooms/PROJET_4/TomTroc/App/Core/Router.php:141
#0 /Users/michaelpeltier/Desktop/OpenClassrooms/PROJET_4/TomTroc/index.php(22): App\Core\Router->dispatch('GET', '/.well-known/ap...')
#1 {main}[2026-04-03 10:39:34] La page demandée n'existe pas. in /Users/michaelpeltier/Desktop/OpenClassrooms/PROJET_4/TomTroc/App/Core/Router.php:141
#0 /Users/michaelpeltier/Desktop/OpenClassrooms/PROJET_4/TomTroc/index.php(22): App\Core\Router->dispatch('GET', '/.well-known/ap...')
#1 {main}[2026-04-03 10:40:23] La page demandée n'existe pas. in /Users/michaelpeltier/Desktop/OpenClassrooms/PROJET_4/TomTroc/App/Core/Router.php:141
#0 /Users/michaelpeltier/Desktop/OpenClassrooms/PROJET_4/TomTroc/index.php(22): App\Core\Router->dispatch('GET', '/.well-known/ap...')
#1 {main}[2026-04-03 10:40:38] La page demandée n'existe pas. in /Users/michaelpeltier/Desktop/OpenClassrooms/PROJET_4/TomTroc/App/Core/Router.php:141
#0 /Users/michaelpeltier/Desktop/OpenClassrooms/PROJET_4/TomTroc/index.php(22): App\Core\Router->dispatch('GET', '/.well-known/ap...')
#1 {main}[2026-04-03 10:43:03] La page demandée n'existe pas. in /Users/michaelpeltier/Desktop/OpenClassrooms/PROJET_4/TomTroc/App/Core/Router.php:141
#0 /Users/michaelpeltier/Desktop/OpenClassrooms/PROJET_4/TomTroc/index.php(22): App\Core\Router->dispatch('GET', '/.well-known/ap...')
#1 {main}[2026-04-03 10:44:01] La page demandée n'existe pas. in /Users/michaelpeltier/Desktop/OpenClassrooms/PROJET_4/TomTroc/App/Core/Router.php:141
#0 /Users/michaelpeltier/Desktop/OpenClassrooms/PROJET_4/TomTroc/index.php(22): App\Core\Router->dispatch('GET', '/.well-known/ap...')
#1 {main}[2026-04-03 10:44:09] La page demandée n'existe pas. in /Users/michaelpeltier/Desktop/OpenClassrooms/PROJET_4/TomTroc/App/Core/Router.php:141
#0 /Users/michaelpeltier/Desktop/OpenClassrooms/PROJET_4/TomTroc/index.php(22): App\Core\Router->dispatch('GET', '/.well-known/ap...')
#1 {main}[2026-04-03 10:44:26] La page demandée n'existe pas. in /Users/michaelpeltier/Desktop/OpenClassrooms/PROJET_4/TomTroc/App/Core/Router.php:141
#0 /Users/michaelpeltier/Desktop/OpenClassrooms/PROJET_4/TomTroc/index.php(22): App\Core\Router->dispatch('GET', '/.well-known/ap...')
#1 {main}[2026-04-03 10:47:33] La page demandée n'existe pas. in /Users/michaelpeltier/Desktop/OpenClassrooms/PROJET_4/TomTroc/App/Core/Router.php:141
#0 /Users/michaelpeltier/Desktop/OpenClassrooms/PROJET_4/TomTroc/index.php(22): App\Core\Router->dispatch('GET', '/.well-known/ap...')
#1 {main}[2026-04-03 10:47:47] La page demandée n'existe pas. in /Users/michaelpeltier/Desktop/OpenClassrooms/PROJET_4/TomTroc/App/Core/Router.php:141
#0 /Users/michaelpeltier/Desktop/OpenClassrooms/PROJET_4/TomTroc/index.php(22): App\Core\Router->dispatch('GET', '/.well-known/ap...')
#1 {main}[2026-04-03 10:48:14] La page demandée n'existe pas. in /Users/michaelpeltier/Desktop/OpenClassrooms/PROJET_4/TomTroc/App/Core/Router.php:141
#0 /Users/michaelpeltier/Desktop/OpenClassrooms/PROJET_4/TomTroc/index.php(22): App\Core\Router->dispatch('GET', '/.well-known/ap...')
#1 {main}[2026-04-03 10:49:03] La page demandée n'existe pas. in /Users/michaelpeltier/Desktop/OpenClassrooms/PROJET_4/TomTroc/App/Core/Router.php:141
#0 /Users/michaelpeltier/Desktop/OpenClassrooms/PROJET_4/TomTroc/index.php(22): App\Core\Router->dispatch('GET', '/.well-known/ap...')
#1 {main}[2026-04-03 10:49:40] La page demandée n'existe pas. in /Users/michaelpeltier/Desktop/OpenClassrooms/PROJET_4/TomTroc/App/Core/Router.php:141
#0 /Users/michaelpeltier/Desktop/OpenClassrooms/PROJET_4/TomTroc/index.php(22): App\Core\Router->dispatch('GET', '/.well-known/ap...')
#1 {main}[2026-04-03 10:50:07] La page demandée n'existe pas. in /Users/michaelpeltier/Desktop/OpenClassrooms/PROJET_4/TomTroc/App/Core/Router.php:141
#0 /Users/michaelpeltier/Desktop/OpenClassrooms/PROJET_4/TomTroc/index.php(22): App\Core\Router->dispatch('GET', '/.well-known/ap...')
#1 {main}[2026-04-03 10:50:59] La page demandée n'existe pas. in /Users/michaelpeltier/Desktop/OpenClassrooms/PROJET_4/TomTroc/App/Core/Router.php:141
#0 /Users/michaelpeltier/Desktop/OpenClassrooms/PROJET_4/TomTroc/index.php(22): App\Core\Router->dispatch('GET', '/.well-known/ap...')
#1 {main}[2026-04-03 10:54:50] La page demandée n'existe pas. in /Users/michaelpeltier/Desktop/OpenClassrooms/PROJET_4/TomTroc/App/Core/Router.php:141
#0 /Users/michaelpeltier/Desktop/OpenClassrooms/PROJET_4/TomTroc/index.php(22): App\Core\Router->dispatch('GET', '/.well-known/ap...')
#1 {main}[2026-04-03 10:55:06] La page demandée n'existe pas. in /Users/michaelpeltier/Desktop/OpenClassrooms/PROJET_4/TomTroc/App/Core/Router.php:141
#0 /Users/michaelpeltier/Desktop/OpenClassrooms/PROJET_4/TomTroc/index.php(22): App\Core\Router->dispatch('GET', '/.well-known/ap...')
#1 {main}[2026-04-03 10:55:38] La page demandée n'existe pas. in /Users/michaelpeltier/Desktop/OpenClassrooms/PROJET_4/TomTroc/App/Core/Router.php:141
#0 /Users/michaelpeltier/Desktop/OpenClassrooms/PROJET_4/TomTroc/index.php(22): App\Core\Router->dispatch('GET', '/.well-known/ap...')
#1 {main}[2026-04-03 10:56:45] La page demandée n'existe pas. in /Users/michaelpeltier/Desktop/OpenClassrooms/PROJET_4/TomTroc/App/Core/Router.php:141
#0 /Users/michaelpeltier/Desktop/OpenClassrooms/PROJET_4/TomTroc/index.php(22): App\Core\Router->dispatch('GET', '/.well-known/ap...')
#1 {main}[2026-04-03 10:57:11] La page demandée n'existe pas. in /Users/michaelpeltier/Desktop/OpenClassrooms/PROJET_4/TomTroc/App/Core/Router.php:141
#0 /Users/michaelpeltier/Desktop/OpenClassrooms/PROJET_4/TomTroc/index.php(22): App\Core\Router->dispatch('GET', '/.well-known/ap...')
#1 {main}[2026-04-03 10:57:14] La page demandée n'existe pas. in /Users/michaelpeltier/Desktop/OpenClassrooms/PROJET_4/TomTroc/App/Core/Router.php:141
#0 /Users/michaelpeltier/Desktop/OpenClassrooms/PROJET_4/TomTroc/index.php(22): App\Core\Router->dispatch('GET', '/.well-known/ap...')
#1 {main}[2026-04-03 10:57:56] La page demandée n'existe pas. in /Users/michaelpeltier/Desktop/OpenClassrooms/PROJET_4/TomTroc/App/Core/Router.php:141
#0 /Users/michaelpeltier/Desktop/OpenClassrooms/PROJET_4/TomTroc/index.php(22): App\Core\Router->dispatch('GET', '/.well-known/ap...')
#1 {main}[2026-04-03 10:59:16] La page demandée n'existe pas. in /Users/michaelpeltier/Desktop/OpenClassrooms/PROJET_4/TomTroc/App/Core/Router.php:141
#0 /Users/michaelpeltier/Desktop/OpenClassrooms/PROJET_4/TomTroc/index.php(22): App\Core\Router->dispatch('GET', '/.well-known/ap...')
#1 {main}[2026-04-03 10:59:36] La page demandée n'existe pas. in /Users/michaelpeltier/Desktop/OpenClassrooms/PROJET_4/TomTroc/App/Core/Router.php:141
#0 /Users/michaelpeltier/Desktop/OpenClassrooms/PROJET_4/TomTroc/index.php(22): App\Core\Router->dispatch('GET', '/.well-known/ap...')
#1 {main}[2026-04-03 10:59:57] La page demandée n'existe pas. in /Users/michaelpeltier/Desktop/OpenClassrooms/PROJET_4/TomTroc/App/Core/Router.php:141
#0 /Users/michaelpeltier/Desktop/OpenClassrooms/PROJET_4/TomTroc/index.php(22): App\Core\Router->dispatch('GET', '/.well-known/ap...')
#1 {main}[2026-04-03 11:00:20] La page demandée n'existe pas. in /Users/michaelpeltier/Desktop/OpenClassrooms/PROJET_4/TomTroc/App/Core/Router.php:141
#0 /Users/michaelpeltier/Desktop/OpenClassrooms/PROJET_4/TomTroc/index.php(22): App\Core\Router->dispatch('GET', '/.well-known/ap...')
#1 {main}[2026-04-03 11:00:27] La page demandée n'existe pas. in /Users/michaelpeltier/Desktop/OpenClassrooms/PROJET_4/TomTroc/App/Core/Router.php:141
#0 /Users/michaelpeltier/Desktop/OpenClassrooms/PROJET_4/TomTroc/index.php(22): App\Core\Router->dispatch('GET', '/.well-known/ap...')
#1 {main}[2026-04-03 11:00:36] La page demandée n'existe pas. in /Users/michaelpeltier/Desktop/OpenClassrooms/PROJET_4/TomTroc/App/Core/Router.php:141
#0 /Users/michaelpeltier/Desktop/OpenClassrooms/PROJET_4/TomTroc/index.php(22): App\Core\Router->dispatch('GET', '/.well-known/ap...')
#1 {main}[2026-04-03 11:00:55] La page demandée n'existe pas. in /Users/michaelpeltier/Desktop/OpenClassrooms/PROJET_4/TomTroc/App/Core/Router.php:141
#0 /Users/michaelpeltier/Desktop/OpenClassrooms/PROJET_4/TomTroc/index.php(22): App\Core\Router->dispatch('GET', '/.well-known/ap...')
#1 {main}[2026-04-03 11:01:27] La page demandée n'existe pas. in /Users/michaelpeltier/Desktop/OpenClassrooms/PROJET_4/TomTroc/App/Core/Router.php:141
#0 /Users/michaelpeltier/Desktop/OpenClassrooms/PROJET_4/TomTroc/index.php(22): App\Core\Router->dispatch('GET', '/.well-known/ap...')
#1 {main}[2026-04-03 11:01:36] La page demandée n'existe pas. in /Users/michaelpeltier/Desktop/OpenClassrooms/PROJET_4/TomTroc/App/Core/Router.php:141
#0 /Users/michaelpeltier/Desktop/OpenClassrooms/PROJET_4/TomTroc/index.php(22): App\Core\Router->dispatch('GET', '/.well-known/ap...')
#1 {main}[2026-04-03 11:01:54] La page demandée n'existe pas. in /Users/michaelpeltier/Desktop/OpenClassrooms/PROJET_4/TomTroc/App/Core/Router.php:141
#0 /Users/michaelpeltier/Desktop/OpenClassrooms/PROJET_4/TomTroc/index.php(22): App\Core\Router->dispatch('GET', '/.well-known/ap...')
#1 {main}[2026-04-03 11:02:35] La page demandée n'existe pas. in /Users/michaelpeltier/Desktop/OpenClassrooms/PROJET_4/TomTroc/App/Core/Router.php:141
#0 /Users/michaelpeltier/Desktop/OpenClassrooms/PROJET_4/TomTroc/index.php(22): App\Core\Router->dispatch('GET', '/.well-known/ap...')
#1 {main}[2026-04-03 11:04:38] La page demandée n'existe pas. in /Users/michaelpeltier/Desktop/OpenClassrooms/PROJET_4/TomTroc/App/Core/Router.php:141
#0 /Users/michaelpeltier/Desktop/OpenClassrooms/PROJET_4/TomTroc/index.php(22): App\Core\Router->dispatch('GET', '/.well-known/ap...')
#1 {main}[2026-04-03 11:05:09] La page demandée n'existe pas. in /Users/michaelpeltier/Desktop/OpenClassrooms/PROJET_4/TomTroc/App/Core/Router.php:141
#0 /Users/michaelpeltier/Desktop/OpenClassrooms/PROJET_4/TomTroc/index.php(22): App\Core\Router->dispatch('GET', '/.well-known/ap...')
#1 {main}[2026-04-03 11:07:01] La page demandée n'existe pas. in /Users/michaelpeltier/Desktop/OpenClassrooms/PROJET_4/TomTroc/App/Core/Router.php:141
#0 /Users/michaelpeltier/Desktop/OpenClassrooms/PROJET_4/TomTroc/index.php(22): App\Core\Router->dispatch('GET', '/.well-known/ap...')
#1 {main}[2026-04-03 11:07:52] La page demandée n'existe pas. in /Users/michaelpeltier/Desktop/OpenClassrooms/PROJET_4/TomTroc/App/Core/Router.php:141
#0 /Users/michaelpeltier/Desktop/OpenClassrooms/PROJET_4/TomTroc/index.php(22): App\Core\Router->dispatch('GET', '/.well-known/ap...')
#1 {main}[2026-04-03 11:08:06] La page demandée n'existe pas. in /Users/michaelpeltier/Desktop/OpenClassrooms/PROJET_4/TomTroc/App/Core/Router.php:141
#0 /Users/michaelpeltier/Desktop/OpenClassrooms/PROJET_4/TomTroc/index.php(22): App\Core\Router->dispatch('GET', '/.well-known/ap...')
#1 {main}[2026-04-03 11:08:19] La page demandée n'existe pas. in /Users/michaelpeltier/Desktop/OpenClassrooms/PROJET_4/TomTroc/App/Core/Router.php:141
#0 /Users/michaelpeltier/Desktop/OpenClassrooms/PROJET_4/TomTroc/index.php(22): App\Core\Router->dispatch('GET', '/.well-known/ap...')
#1 {main}[2026-04-03 11:08:34] La page demandée n'existe pas. in /Users/michaelpeltier/Desktop/OpenClassrooms/PROJET_4/TomTroc/App/Core/Router.php:141
#0 /Users/michaelpeltier/Desktop/OpenClassrooms/PROJET_4/TomTroc/index.php(22): App\Core\Router->dispatch('GET', '/.well-known/ap...')
#1 {main}[2026-04-03 11:08:50] La page demandée n'existe pas. in /Users/michaelpeltier/Desktop/OpenClassrooms/PROJET_4/TomTroc/App/Core/Router.php:141
#0 /Users/michaelpeltier/Desktop/OpenClassrooms/PROJET_4/TomTroc/index.php(22): App\Core\Router->dispatch('GET', '/.well-known/ap...')
#1 {main}[2026-04-03 11:10:22] La page demandée n'existe pas. in /Users/michaelpeltier/Desktop/OpenClassrooms/PROJET_4/TomTroc/App/Core/Router.php:141
#0 /Users/michaelpeltier/Desktop/OpenClassrooms/PROJET_4/TomTroc/index.php(22): App\Core\Router->dispatch('GET', '/.well-known/ap...')
#1 {main}[2026-04-03 11:10:32] La page demandée n'existe pas. in /Users/michaelpeltier/Desktop/OpenClassrooms/PROJET_4/TomTroc/App/Core/Router.php:141
#0 /Users/michaelpeltier/Desktop/OpenClassrooms/PROJET_4/TomTroc/index.php(22): App\Core\Router->dispatch('GET', '/.well-known/ap...')
#1 {main}[2026-04-03 11:11:18] La page demandée n'existe pas. in /Users/michaelpeltier/Desktop/OpenClassrooms/PROJET_4/TomTroc/App/Core/Router.php:141
#0 /Users/michaelpeltier/Desktop/OpenClassrooms/PROJET_4/TomTroc/index.php(22): App\Core\Router->dispatch('GET', '/.well-known/ap...')
#1 {main}[2026-04-03 11:11:59] La page demandée n'existe pas. in /Users/michaelpeltier/Desktop/OpenClassrooms/PROJET_4/TomTroc/App/Core/Router.php:141
#0 /Users/michaelpeltier/Desktop/OpenClassrooms/PROJET_4/TomTroc/index.php(22): App\Core\Router->dispatch('GET', '/.well-known/ap...')
#1 {main}[2026-04-03 11:12:07] La page demandée n'existe pas. in /Users/michaelpeltier/Desktop/OpenClassrooms/PROJET_4/TomTroc/App/Core/Router.php:141
#0 /Users/michaelpeltier/Desktop/OpenClassrooms/PROJET_4/TomTroc/index.php(22): App\Core\Router->dispatch('GET', '/.well-known/ap...')
#1 {main}[2026-04-03 11:12:10] La page demandée n'existe pas. in /Users/michaelpeltier/Desktop/OpenClassrooms/PROJET_4/TomTroc/App/Core/Router.php:141
#0 /Users/michaelpeltier/Desktop/OpenClassrooms/PROJET_4/TomTroc/index.php(22): App\Core\Router->dispatch('GET', '/.well-known/ap...')
#1 {main}[2026-04-03 11:13:22] La page demandée n'existe pas. in /Users/michaelpeltier/Desktop/OpenClassrooms/PROJET_4/TomTroc/App/Core/Router.php:141
#0 /Users/michaelpeltier/Desktop/OpenClassrooms/PROJET_4/TomTroc/index.php(22): App\Core\Router->dispatch('GET', '/.well-known/ap...')
#1 {main}[2026-04-03 11:13:52] La page demandée n'existe pas. in /Users/michaelpeltier/Desktop/OpenClassrooms/PROJET_4/TomTroc/App/Core/Router.php:141
#0 /Users/michaelpeltier/Desktop/OpenClassrooms/PROJET_4/TomTroc/index.php(22): App\Core\Router->dispatch('GET', '/.well-known/ap...')
#1 {main}[2026-04-03 11:14:05] La page demandée n'existe pas. in /Users/michaelpeltier/Desktop/OpenClassrooms/PROJET_4/TomTroc/App/Core/Router.php:141
#0 /Users/michaelpeltier/Desktop/OpenClassrooms/PROJET_4/TomTroc/index.php(22): App\Core\Router->dispatch('GET', '/.well-known/ap...')
#1 {main}[2026-04-03 11:15:59] La page demandée n'existe pas. in /Users/michaelpeltier/Desktop/OpenClassrooms/PROJET_4/TomTroc/App/Core/Router.php:141
#0 /Users/michaelpeltier/Desktop/OpenClassrooms/PROJET_4/TomTroc/index.php(22): App\Core\Router->dispatch('GET', '/.well-known/ap...')
#1 {main}[2026-04-03 11:16:15] La page demandée n'existe pas. in /Users/michaelpeltier/Desktop/OpenClassrooms/PROJET_4/TomTroc/App/Core/Router.php:141
#0 /Users/michaelpeltier/Desktop/OpenClassrooms/PROJET_4/TomTroc/index.php(22): App\Core\Router->dispatch('GET', '/.well-known/ap...')
#1 {main}[2026-04-03 11:16:43] La page demandée n'existe pas. in /Users/michaelpeltier/Desktop/OpenClassrooms/PROJET_4/TomTroc/App/Core/Router.php:141
#0 /Users/michaelpeltier/Desktop/OpenClassrooms/PROJET_4/TomTroc/index.php(22): App\Core\Router->dispatch('GET', '/.well-known/ap...')
#1 {main}[2026-04-03 11:17:00] La page demandée n'existe pas. in /Users/michaelpeltier/Desktop/OpenClassrooms/PROJET_4/TomTroc/App/Core/Router.php:141
#0 /Users/michaelpeltier/Desktop/OpenClassrooms/PROJET_4/TomTroc/index.php(22): App\Core\Router->dispatch('GET', '/.well-known/ap...')
#1 {main}[2026-04-03 11:18:05] La page demandée n'existe pas. in /Users/michaelpeltier/Desktop/OpenClassrooms/PROJET_4/TomTroc/App/Core/Router.php:141
#0 /Users/michaelpeltier/Desktop/OpenClassrooms/PROJET_4/TomTroc/index.php(22): App\Core\Router->dispatch('GET', '/.well-known/ap...')
#1 {main}[2026-04-03 11:18:27] La page demandée n'existe pas. in /Users/michaelpeltier/Desktop/OpenClassrooms/PROJET_4/TomTroc/App/Core/Router.php:141
#0 /Users/michaelpeltier/Desktop/OpenClassrooms/PROJET_4/TomTroc/index.php(22): App\Core\Router->dispatch('GET', '/.well-known/ap...')
#1 {main}[2026-04-03 11:18:54] La page demandée n'existe pas. in /Users/michaelpeltier/Desktop/OpenClassrooms/PROJET_4/TomTroc/App/Core/Router.php:141
#0 /Users/michaelpeltier/Desktop/OpenClassrooms/PROJET_4/TomTroc/index.php(22): App\Core\Router->dispatch('GET', '/.well-known/ap...')
#1 {main}[2026-04-03 11:19:32] La page demandée n'existe pas. in /Users/michaelpeltier/Desktop/OpenClassrooms/PROJET_4/TomTroc/App/Core/Router.php:141
#0 /Users/michaelpeltier/Desktop/OpenClassrooms/PROJET_4/TomTroc/index.php(22): App\Core\Router->dispatch('GET', '/.well-known/ap...')
#1 {main}[2026-04-03 11:19:55] La page demandée n'existe pas. in /Users/michaelpeltier/Desktop/OpenClassrooms/PROJET_4/TomTroc/App/Core/Router.php:141
#0 /Users/michaelpeltier/Desktop/OpenClassrooms/PROJET_4/TomTroc/index.php(22): App\Core\Router->dispatch('GET', '/.well-known/ap...')
#1 {main}[2026-04-03 11:20:37] La page demandée n'existe pas. in /Users/michaelpeltier/Desktop/OpenClassrooms/PROJET_4/TomTroc/App/Core/Router.php:141
#0 /Users/michaelpeltier/Desktop/OpenClassrooms/PROJET_4/TomTroc/index.php(22): App\Core\Router->dispatch('GET', '/.well-known/ap...')
#1 {main}[2026-04-03 11:20:46] La page demandée n'existe pas. in /Users/michaelpeltier/Desktop/OpenClassrooms/PROJET_4/TomTroc/App/Core/Router.php:141
#0 /Users/michaelpeltier/Desktop/OpenClassrooms/PROJET_4/TomTroc/index.php(22): App\Core\Router->dispatch('GET', '/.well-known/ap...')
#1 {main}[2026-04-03 11:21:01] La page demandée n'existe pas. in /Users/michaelpeltier/Desktop/OpenClassrooms/PROJET_4/TomTroc/App/Core/Router.php:141
#0 /Users/michaelpeltier/Desktop/OpenClassrooms/PROJET_4/TomTroc/index.php(22): App\Core\Router->dispatch('GET', '/.well-known/ap...')
#1 {main}[2026-04-03 11:21:24] Route 'messaging.show' introuvable. in /Users/michaelpeltier/Desktop/OpenClassrooms/PROJET_4/TomTroc/App/Core/Router.php:100
#0 /Users/michaelpeltier/Desktop/OpenClassrooms/PROJET_4/TomTroc/App/Services/Utils.php(20): App\Core\Router::pathFor('messaging.show', Array)
#1 /Users/michaelpeltier/Desktop/OpenClassrooms/PROJET_4/TomTroc/App/Controllers/MessageController.php(93): App\Services\Utils::redirect('messaging.show', Array)
#2 /Users/michaelpeltier/Desktop/OpenClassrooms/PROJET_4/TomTroc/App/Core/Router.php(136): App\Controllers\MessageController->sendMessage()
#3 /Users/michaelpeltier/Desktop/OpenClassrooms/PROJET_4/TomTroc/index.php(22): App\Core\Router->dispatch('POST', '/send-message')
#4 {main}[2026-04-03 11:21:24] La page demandée n'existe pas. in /Users/michaelpeltier/Desktop/OpenClassrooms/PROJET_4/TomTroc/App/Core/Router.php:141
#0 /Users/michaelpeltier/Desktop/OpenClassrooms/PROJET_4/TomTroc/index.php(22): App\Core\Router->dispatch('GET', '/.well-known/ap...')
#1 {main}[2026-04-03 11:21:29] La page demandée n'existe pas. in /Users/michaelpeltier/Desktop/OpenClassrooms/PROJET_4/TomTroc/App/Core/Router.php:141
#0 /Users/michaelpeltier/Desktop/OpenClassrooms/PROJET_4/TomTroc/index.php(22): App\Core\Router->dispatch('GET', '/.well-known/ap...')
#1 {main}[2026-04-03 11:21:32] La page demandée n'existe pas. in /Users/michaelpeltier/Desktop/OpenClassrooms/PROJET_4/TomTroc/App/Core/Router.php:141
#0 /Users/michaelpeltier/Desktop/OpenClassrooms/PROJET_4/TomTroc/index.php(22): App\Core\Router->dispatch('GET', '/.well-known/ap...')
#1 {main}[2026-04-03 11:21:37] La page demandée n'existe pas. in /Users/michaelpeltier/Desktop/OpenClassrooms/PROJET_4/TomTroc/App/Core/Router.php:141
#0 /Users/michaelpeltier/Desktop/OpenClassrooms/PROJET_4/TomTroc/index.php(22): App\Core\Router->dispatch('GET', '/.well-known/ap...')
#1 {main}[2026-04-03 11:21:40] La page demandée n'existe pas. in /Users/michaelpeltier/Desktop/OpenClassrooms/PROJET_4/TomTroc/App/Core/Router.php:141
#0 /Users/michaelpeltier/Desktop/OpenClassrooms/PROJET_4/TomTroc/index.php(22): App\Core\Router->dispatch('GET', '/.well-known/ap...')
#1 {main}[2026-04-03 11:21:57] Route 'messaging.show' introuvable. in /Users/michaelpeltier/Desktop/OpenClassrooms/PROJET_4/TomTroc/App/Core/Router.php:100
#0 /Users/michaelpeltier/Desktop/OpenClassrooms/PROJET_4/TomTroc/App/Services/Utils.php(20): App\Core\Router::pathFor('messaging.show', Array)
#1 /Users/michaelpeltier/Desktop/OpenClassrooms/PROJET_4/TomTroc/App/Controllers/MessageController.php(93): App\Services\Utils::redirect('messaging.show', Array)
#2 /Users/michaelpeltier/Desktop/OpenClassrooms/PROJET_4/TomTroc/App/Core/Router.php(136): App\Controllers\MessageController->sendMessage()
#3 /Users/michaelpeltier/Desktop/OpenClassrooms/PROJET_4/TomTroc/index.php(22): App\Core\Router->dispatch('POST', '/send-message')
#4 {main}[2026-04-03 11:21:57] La page demandée n'existe pas. in /Users/michaelpeltier/Desktop/OpenClassrooms/PROJET_4/TomTroc/App/Core/Router.php:141
#0 /Users/michaelpeltier/Desktop/OpenClassrooms/PROJET_4/TomTroc/index.php(22): App\Core\Router->dispatch('GET', '/.well-known/ap...')
#1 {main}[2026-04-03 11:23:20] La page demandée n'existe pas. in /Users/michaelpeltier/Desktop/OpenClassrooms/PROJET_4/TomTroc/App/Core/Router.php:141
#0 /Users/michaelpeltier/Desktop/OpenClassrooms/PROJET_4/TomTroc/index.php(22): App\Core\Router->dispatch('GET', '/.well-known/ap...')
#1 {main}[2026-04-03 11:23:29] La page demandée n'existe pas. in /Users/michaelpeltier/Desktop/OpenClassrooms/PROJET_4/TomTroc/App/Core/Router.php:141
#0 /Users/michaelpeltier/Desktop/OpenClassrooms/PROJET_4/TomTroc/index.php(22): App\Core\Router->dispatch('GET', '/.well-known/ap...')
#1 {main}[2026-04-03 11:24:02] La page demandée n'existe pas. in /Users/michaelpeltier/Desktop/OpenClassrooms/PROJET_4/TomTroc/App/Core/Router.php:141
#0 /Users/michaelpeltier/Desktop/OpenClassrooms/PROJET_4/TomTroc/index.php(22): App\Core\Router->dispatch('GET', '/.well-known/ap...')
#1 {main}[2026-04-03 11:24:06] La page demandée n'existe pas. in /Users/michaelpeltier/Desktop/OpenClassrooms/PROJET_4/TomTroc/App/Core/Router.php:141
#0 /Users/michaelpeltier/Desktop/OpenClassrooms/PROJET_4/TomTroc/index.php(22): App\Core\Router->dispatch('GET', '/.well-known/ap...')
#1 {main}[2026-04-03 11:24:13] La page demandée n'existe pas. in /Users/michaelpeltier/Desktop/OpenClassrooms/PROJET_4/TomTroc/App/Core/Router.php:141
#0 /Users/michaelpeltier/Desktop/OpenClassrooms/PROJET_4/TomTroc/index.php(22): App\Core\Router->dispatch('GET', '/.well-known/ap...')
#1 {main}[2026-04-03 11:24:26] La page demandée n'existe pas. in /Users/michaelpeltier/Desktop/OpenClassrooms/PROJET_4/TomTroc/App/Core/Router.php:141
#0 /Users/michaelpeltier/Desktop/OpenClassrooms/PROJET_4/TomTroc/index.php(22): App\Core\Router->dispatch('GET', '/.well-known/ap...')
#1 {main}[2026-04-03 11:24:27] La page demandée n'existe pas. in /Users/michaelpeltier/Desktop/OpenClassrooms/PROJET_4/TomTroc/App/Core/Router.php:141
#0 /Users/michaelpeltier/Desktop/OpenClassrooms/PROJET_4/TomTroc/index.php(22): App\Core\Router->dispatch('GET', '/.well-known/ap...')
#1 {main}[2026-04-03 11:26:54] La page demandée n'existe pas. in /Users/michaelpeltier/Desktop/OpenClassrooms/PROJET_4/TomTroc/App/Core/Router.php:141
#0 /Users/michaelpeltier/Desktop/OpenClassrooms/PROJET_4/TomTroc/index.php(22): App\Core\Router->dispatch('GET', '/.well-known/ap...')
#1 {main}[2026-04-03 11:27:55] La page demandée n'existe pas. in /Users/michaelpeltier/Desktop/OpenClassrooms/PROJET_4/TomTroc/App/Core/Router.php:141
#0 /Users/michaelpeltier/Desktop/OpenClassrooms/PROJET_4/TomTroc/index.php(22): App\Core\Router->dispatch('GET', '/.well-known/ap...')
#1 {main}[2026-04-03 11:28:38] La page demandée n'existe pas. in /Users/michaelpeltier/Desktop/OpenClassrooms/PROJET_4/TomTroc/App/Core/Router.php:141
#0 /Users/michaelpeltier/Desktop/OpenClassrooms/PROJET_4/TomTroc/index.php(22): App\Core\Router->dispatch('GET', '/.well-known/ap...')
#1 {main}[2026-04-03 11:28:57] La page demandée n'existe pas. in /Users/michaelpeltier/Desktop/OpenClassrooms/PROJET_4/TomTroc/App/Core/Router.php:141
#0 /Users/michaelpeltier/Desktop/OpenClassrooms/PROJET_4/TomTroc/index.php(22): App\Core\Router->dispatch('GET', '/.well-known/ap...')
#1 {main}[2026-04-03 11:29:20] La page demandée n'existe pas. in /Users/michaelpeltier/Desktop/OpenClassrooms/PROJET_4/TomTroc/App/Core/Router.php:141
#0 /Users/michaelpeltier/Desktop/OpenClassrooms/PROJET_4/TomTroc/index.php(22): App\Core\Router->dispatch('GET', '/.well-known/ap...')
#1 {main}[2026-04-03 11:30:06] La page demandée n'existe pas. in /Users/michaelpeltier/Desktop/OpenClassrooms/PROJET_4/TomTroc/App/Core/Router.php:141
#0 /Users/michaelpeltier/Desktop/OpenClassrooms/PROJET_4/TomTroc/index.php(22): App\Core\Router->dispatch('GET', '/.well-known/ap...')
#1 {main}[2026-04-03 11:30:28] La page demandée n'existe pas. in /Users/michaelpeltier/Desktop/OpenClassrooms/PROJET_4/TomTroc/App/Core/Router.php:141
#0 /Users/michaelpeltier/Desktop/OpenClassrooms/PROJET_4/TomTroc/index.php(22): App\Core\Router->dispatch('GET', '/.well-known/ap...')
#1 {main}[2026-04-03 13:55:51] La page demandée n'existe pas. in /Users/michaelpeltier/Desktop/OpenClassrooms/PROJET_4/TomTroc/App/Core/Router.php:141
#0 /Users/michaelpeltier/Desktop/OpenClassrooms/PROJET_4/TomTroc/index.php(22): App\Core\Router->dispatch('GET', '/.well-known/ap...')
#1 {main}[2026-04-03 14:00:29] La page demandée n'existe pas. in /Users/michaelpeltier/Desktop/OpenClassrooms/PROJET_4/TomTroc/App/Core/Router.php:141
#0 /Users/michaelpeltier/Desktop/OpenClassrooms/PROJET_4/TomTroc/index.php(22): App\Core\Router->dispatch('GET', '/.well-known/ap...')
#1 {main}[2026-04-03 14:00:31] La page demandée n'existe pas. in /Users/michaelpeltier/Desktop/OpenClassrooms/PROJET_4/TomTroc/App/Core/Router.php:141
#0 /Users/michaelpeltier/Desktop/OpenClassrooms/PROJET_4/TomTroc/index.php(22): App\Core\Router->dispatch('GET', '/.well-known/ap...')
#1 {main}[2026-04-03 14:00:31] La page demandée n'existe pas. in /Users/michaelpeltier/Desktop/OpenClassrooms/PROJET_4/TomTroc/App/Core/Router.php:141
#0 /Users/michaelpeltier/Desktop/OpenClassrooms/PROJET_4/TomTroc/index.php(22): App\Core\Router->dispatch('GET', '/.well-known/ap...')
#1 {main}[2026-04-03 14:00:33] La page demandée n'existe pas. in /Users/michaelpeltier/Desktop/OpenClassrooms/PROJET_4/TomTroc/App/Core/Router.php:141
#0 /Users/michaelpeltier/Desktop/OpenClassrooms/PROJET_4/TomTroc/index.php(22): App\Core\Router->dispatch('GET', '/.well-known/ap...')
#1 {main}[2026-04-03 14:00:34] La page demandée n'existe pas. in /Users/michaelpeltier/Desktop/OpenClassrooms/PROJET_4/TomTroc/App/Core/Router.php:141
#0 /Users/michaelpeltier/Desktop/OpenClassrooms/PROJET_4/TomTroc/index.php(22): App\Core\Router->dispatch('GET', '/.well-known/ap...')
#1 {main}[2026-04-03 14:00:35] La page demandée n'existe pas. in /Users/michaelpeltier/Desktop/OpenClassrooms/PROJET_4/TomTroc/App/Core/Router.php:141
#0 /Users/michaelpeltier/Desktop/OpenClassrooms/PROJET_4/TomTroc/index.php(22): App\Core\Router->dispatch('GET', '/.well-known/ap...')
#1 {main}[2026-04-03 14:00:39] La page demandée n'existe pas. in /Users/michaelpeltier/Desktop/OpenClassrooms/PROJET_4/TomTroc/App/Core/Router.php:141
#0 /Users/michaelpeltier/Desktop/OpenClassrooms/PROJET_4/TomTroc/index.php(22): App\Core\Router->dispatch('GET', '/.well-known/ap...')
#1 {main}[2026-04-03 14:00:48] La page demandée n'existe pas. in /Users/michaelpeltier/Desktop/OpenClassrooms/PROJET_4/TomTroc/App/Core/Router.php:141
#0 /Users/michaelpeltier/Desktop/OpenClassrooms/PROJET_4/TomTroc/index.php(22): App\Core\Router->dispatch('GET', '/.well-known/ap...')
#1 {main}[2026-04-03 14:00:50] La page demandée n'existe pas. in /Users/michaelpeltier/Desktop/OpenClassrooms/PROJET_4/TomTroc/App/Core/Router.php:141
#0 /Users/michaelpeltier/Desktop/OpenClassrooms/PROJET_4/TomTroc/index.php(22): App\Core\Router->dispatch('GET', '/.well-known/ap...')
#1 {main}[2026-04-03 14:00:57] La page demandée n'existe pas. in /Users/michaelpeltier/Desktop/OpenClassrooms/PROJET_4/TomTroc/App/Core/Router.php:141
#0 /Users/michaelpeltier/Desktop/OpenClassrooms/PROJET_4/TomTroc/index.php(22): App\Core\Router->dispatch('GET', '/.well-known/ap...')
#1 {main}[2026-04-03 14:01:00] La page demandée n'existe pas. in /Users/michaelpeltier/Desktop/OpenClassrooms/PROJET_4/TomTroc/App/Core/Router.php:141
#0 /Users/michaelpeltier/Desktop/OpenClassrooms/PROJET_4/TomTroc/index.php(22): App\Core\Router->dispatch('GET', '/.well-known/ap...')
#1 {main}[2026-04-03 14:01:00] La page demandée n'existe pas. in /Users/michaelpeltier/Desktop/OpenClassrooms/PROJET_4/TomTroc/App/Core/Router.php:141
#0 /Users/michaelpeltier/Desktop/OpenClassrooms/PROJET_4/TomTroc/index.php(22): App\Core\Router->dispatch('GET', '/.well-known/ap...')
#1 {main}[2026-04-03 14:02:44] La page demandée n'existe pas. in /Users/michaelpeltier/Desktop/OpenClassrooms/PROJET_4/TomTroc/App/Core/Router.php:141
#0 /Users/michaelpeltier/Desktop/OpenClassrooms/PROJET_4/TomTroc/index.php(22): App\Core\Router->dispatch('GET', '/.well-known/ap...')
#1 {main}[2026-04-03 14:02:47] La page demandée n'existe pas. in /Users/michaelpeltier/Desktop/OpenClassrooms/PROJET_4/TomTroc/App/Core/Router.php:141
#0 /Users/michaelpeltier/Desktop/OpenClassrooms/PROJET_4/TomTroc/index.php(22): App\Core\Router->dispatch('GET', '/robots.txt')
#1 {main}[2026-04-03 14:02:48] La page demandée n'existe pas. in /Users/michaelpeltier/Desktop/OpenClassrooms/PROJET_4/TomTroc/App/Core/Router.php:141
#0 /Users/michaelpeltier/Desktop/OpenClassrooms/PROJET_4/TomTroc/index.php(22): App\Core\Router->dispatch('GET', '/.well-known/ap...')
#1 {main}[2026-04-03 14:03:38] La page demandée n'existe pas. in /Users/michaelpeltier/Desktop/OpenClassrooms/PROJET_4/TomTroc/App/Core/Router.php:141
#0 /Users/michaelpeltier/Desktop/OpenClassrooms/PROJET_4/TomTroc/index.php(22): App\Core\Router->dispatch('GET', '/.well-known/ap...')
#1 {main}[2026-04-03 14:18:39] La page demandée n'existe pas. in /Users/michaelpeltier/Desktop/OpenClassrooms/PROJET_4/TomTroc/App/Core/Router.php:141
#0 /Users/michaelpeltier/Desktop/OpenClassrooms/PROJET_4/TomTroc/index.php(22): App\Core\Router->dispatch('GET', '/.well-known/ap...')
#1 {main}[2026-04-03 14:19:23] La page demandée n'existe pas. in /Users/michaelpeltier/Desktop/OpenClassrooms/PROJET_4/TomTroc/App/Core/Router.php:141
#0 /Users/michaelpeltier/Desktop/OpenClassrooms/PROJET_4/TomTroc/index.php(22): App\Core\Router->dispatch('GET', '/.well-known/ap...')
#1 {main}[2026-04-03 14:19:24] La page demandée n'existe pas. in /Users/michaelpeltier/Desktop/OpenClassrooms/PROJET_4/TomTroc/App/Core/Router.php:141
#0 /Users/michaelpeltier/Desktop/OpenClassrooms/PROJET_4/TomTroc/index.php(22): App\Core\Router->dispatch('GET', '/.well-known/ap...')
#1 {main}[2026-04-03 14:20:03] La page demandée n'existe pas. in /Users/michaelpeltier/Desktop/OpenClassrooms/PROJET_4/TomTroc/App/Core/Router.php:141
#0 /Users/michaelpeltier/Desktop/OpenClassrooms/PROJET_4/TomTroc/index.php(22): App\Core\Router->dispatch('GET', '/.well-known/ap...')
#1 {main}[2026-04-03 14:21:35] La page demandée n'existe pas. in /Users/michaelpeltier/Desktop/OpenClassrooms/PROJET_4/TomTroc/App/Core/Router.php:141
#0 /Users/michaelpeltier/Desktop/OpenClassrooms/PROJET_4/TomTroc/index.php(22): App\Core\Router->dispatch('GET', '/.well-known/ap...')
#1 {main}[2026-04-03 14:21:35] La page demandée n'existe pas. in /Users/michaelpeltier/Desktop/OpenClassrooms/PROJET_4/TomTroc/App/Core/Router.php:141
#0 /Users/michaelpeltier/Desktop/OpenClassrooms/PROJET_4/TomTroc/index.php(22): App\Core\Router->dispatch('GET', '/.well-known/ap...')
#1 {main}[2026-04-03 14:21:37] La page demandée n'existe pas. in /Users/michaelpeltier/Desktop/OpenClassrooms/PROJET_4/TomTroc/App/Core/Router.php:141
#0 /Users/michaelpeltier/Desktop/OpenClassrooms/PROJET_4/TomTroc/index.php(22): App\Core\Router->dispatch('GET', '/.well-known/ap...')
#1 {main}[2026-04-03 14:21:37] La page demandée n'existe pas. in /Users/michaelpeltier/Desktop/OpenClassrooms/PROJET_4/TomTroc/App/Core/Router.php:141
#0 /Users/michaelpeltier/Desktop/OpenClassrooms/PROJET_4/TomTroc/index.php(22): App\Core\Router->dispatch('GET', '/.well-known/ap...')
#1 {main}[2026-04-03 14:21:40] La page demandée n'existe pas. in /Users/michaelpeltier/Desktop/OpenClassrooms/PROJET_4/TomTroc/App/Core/Router.php:141
#0 /Users/michaelpeltier/Desktop/OpenClassrooms/PROJET_4/TomTroc/index.php(22): App\Core\Router->dispatch('GET', '/.well-known/ap...')
#1 {main}[2026-04-03 14:22:37] La page demandée n'existe pas. in /Users/michaelpeltier/Desktop/OpenClassrooms/PROJET_4/TomTroc/App/Core/Router.php:141
#0 /Users/michaelpeltier/Desktop/OpenClassrooms/PROJET_4/TomTroc/index.php(22): App\Core\Router->dispatch('GET', '/lojo')
#1 {main}[2026-04-03 14:22:37] La page demandée n'existe pas. in /Users/michaelpeltier/Desktop/OpenClassrooms/PROJET_4/TomTroc/App/Core/Router.php:141
#0 /Users/michaelpeltier/Desktop/OpenClassrooms/PROJET_4/TomTroc/index.php(22): App\Core\Router->dispatch('GET', '/.well-known/ap...')
#1 {main}[2026-04-03 14:27:58] La page demandée n'existe pas. in /Users/michaelpeltier/Desktop/OpenClassrooms/PROJET_4/TomTroc/App/Core/Router.php:141
#0 /Users/michaelpeltier/Desktop/OpenClassrooms/PROJET_4/TomTroc/index.php(22): App\Core\Router->dispatch('GET', '/.well-known/ap...')
#1 {main}[2026-04-03 14:27:59] La page demandée n'existe pas. in /Users/michaelpeltier/Desktop/OpenClassrooms/PROJET_4/TomTroc/App/Core/Router.php:141
#0 /Users/michaelpeltier/Desktop/OpenClassrooms/PROJET_4/TomTroc/index.php(22): App\Core\Router->dispatch('GET', '/.well-known/ap...')
#1 {main}[2026-04-03 14:28:48] La page demandée n'existe pas. in /Users/michaelpeltier/Desktop/OpenClassrooms/PROJET_4/TomTroc/App/Core/Router.php:141
#0 /Users/michaelpeltier/Desktop/OpenClassrooms/PROJET_4/TomTroc/index.php(22): App\Core\Router->dispatch('GET', '/.well-known/ap...')
#1 {main}[2026-04-03 14:30:28] La page demandée n'existe pas. in /Users/michaelpeltier/Desktop/OpenClassrooms/PROJET_4/TomTroc/App/Core/Router.php:141
#0 /Users/michaelpeltier/Desktop/OpenClassrooms/PROJET_4/TomTroc/index.php(22): App\Core\Router->dispatch('GET', '/.well-known/ap...')
#1 {main}[2026-04-03 14:31:38] La page demandée n'existe pas. in /Users/michaelpeltier/Desktop/OpenClassrooms/PROJET_4/TomTroc/App/Core/Router.php:141
#0 /Users/michaelpeltier/Desktop/OpenClassrooms/PROJET_4/TomTroc/index.php(22): App\Core\Router->dispatch('GET', '/.well-known/ap...')
#1 {main}[2026-04-03 14:31:52] La page demandée n'existe pas. in /Users/michaelpeltier/Desktop/OpenClassrooms/PROJET_4/TomTroc/App/Core/Router.php:141
#0 /Users/michaelpeltier/Desktop/OpenClassrooms/PROJET_4/TomTroc/index.php(22): App\Core\Router->dispatch('GET', '/.well-known/ap...')
#1 {main}[2026-04-03 14:33:23] La page demandée n'existe pas. in /Users/michaelpeltier/Desktop/OpenClassrooms/PROJET_4/TomTroc/App/Core/Router.php:141
#0 /Users/michaelpeltier/Desktop/OpenClassrooms/PROJET_4/TomTroc/index.php(22): App\Core\Router->dispatch('GET', '/.well-known/ap...')
#1 {main}[2026-04-03 14:33:50] La page demandée n'existe pas. in /Users/michaelpeltier/Desktop/OpenClassrooms/PROJET_4/TomTroc/App/Core/Router.php:141
#0 /Users/michaelpeltier/Desktop/OpenClassrooms/PROJET_4/TomTroc/index.php(22): App\Core\Router->dispatch('GET', '/.well-known/ap...')
#1 {main}[2026-04-03 14:44:30] La page demandée n'existe pas. in /Users/michaelpeltier/Desktop/OpenClassrooms/PROJET_4/TomTroc/App/Core/Router.php:141
#0 /Users/michaelpeltier/Desktop/OpenClassrooms/PROJET_4/TomTroc/index.php(22): App\Core\Router->dispatch('GET', '/.well-known/ap...')
#1 {main}[2026-04-03 14:45:00] La page demandée n'existe pas. in /Users/michaelpeltier/Desktop/OpenClassrooms/PROJET_4/TomTroc/App/Core/Router.php:141
#0 /Users/michaelpeltier/Desktop/OpenClassrooms/PROJET_4/TomTroc/index.php(22): App\Core\Router->dispatch('GET', '/.well-known/ap...')
#1 {main}[2026-04-03 14:45:10] La page demandée n'existe pas. in /Users/michaelpeltier/Desktop/OpenClassrooms/PROJET_4/TomTroc/App/Core/Router.php:141
#0 /Users/michaelpeltier/Desktop/OpenClassrooms/PROJET_4/TomTroc/index.php(22): App\Core\Router->dispatch('GET', '/.well-known/ap...')
#1 {main}[2026-04-03 14:45:11] La page demandée n'existe pas. in /Users/michaelpeltier/Desktop/OpenClassrooms/PROJET_4/TomTroc/App/Core/Router.php:141
#0 /Users/michaelpeltier/Desktop/OpenClassrooms/PROJET_4/TomTroc/index.php(22): App\Core\Router->dispatch('GET', '/.well-known/ap...')
#1 {main}[2026-04-03 14:45:12] La page demandée n'existe pas. in /Users/michaelpeltier/Desktop/OpenClassrooms/PROJET_4/TomTroc/App/Core/Router.php:141
#0 /Users/michaelpeltier/Desktop/OpenClassrooms/PROJET_4/TomTroc/index.php(22): App\Core\Router->dispatch('GET', '/add-book')
#1 {main}[2026-04-03 14:45:12] La page demandée n'existe pas. in /Users/michaelpeltier/Desktop/OpenClassrooms/PROJET_4/TomTroc/App/Core/Router.php:141
#0 /Users/michaelpeltier/Desktop/OpenClassrooms/PROJET_4/TomTroc/index.php(22): App\Core\Router->dispatch('GET', '/.well-known/ap...')
#1 {main}[2026-04-03 14:45:15] La page demandée n'existe pas. in /Users/michaelpeltier/Desktop/OpenClassrooms/PROJET_4/TomTroc/App/Core/Router.php:141
#0 /Users/michaelpeltier/Desktop/OpenClassrooms/PROJET_4/TomTroc/index.php(22): App\Core\Router->dispatch('GET', '/.well-known/ap...')
#1 {main}[2026-04-03 14:46:16] La page demandée n'existe pas. in /Users/michaelpeltier/Desktop/OpenClassrooms/PROJET_4/TomTroc/App/Core/Router.php:141
#0 /Users/michaelpeltier/Desktop/OpenClassrooms/PROJET_4/TomTroc/index.php(22): App\Core\Router->dispatch('GET', '/.well-known/ap...')
#1 {main}[2026-04-03 14:46:18] La page demandée n'existe pas. in /Users/michaelpeltier/Desktop/OpenClassrooms/PROJET_4/TomTroc/App/Core/Router.php:141
#0 /Users/michaelpeltier/Desktop/OpenClassrooms/PROJET_4/TomTroc/index.php(22): App\Core\Router->dispatch('GET', '/.well-known/ap...')
#1 {main}[2026-04-03 14:46:18] La page demandée n'existe pas. in /Users/michaelpeltier/Desktop/OpenClassrooms/PROJET_4/TomTroc/App/Core/Router.php:141
#0 /Users/michaelpeltier/Desktop/OpenClassrooms/PROJET_4/TomTroc/index.php(22): App\Core\Router->dispatch('GET', '/edit-book')
#1 {main}[2026-04-03 14:46:19] La page demandée n'existe pas. in /Users/michaelpeltier/Desktop/OpenClassrooms/PROJET_4/TomTroc/App/Core/Router.php:141
#0 /Users/michaelpeltier/Desktop/OpenClassrooms/PROJET_4/TomTroc/index.php(22): App\Core\Router->dispatch('GET', '/.well-known/ap...')
#1 {main}[2026-04-03 14:48:06] Too few arguments to function App\Controllers\BooksController::showEditBook(), 0 passed in /Users/michaelpeltier/Desktop/OpenClassrooms/PROJET_4/TomTroc/App/Core/Router.php on line 136 and exactly 1 expected in /Users/michaelpeltier/Desktop/OpenClassrooms/PROJET_4/TomTroc/App/Controllers/BooksController.php:86
#0 /Users/michaelpeltier/Desktop/OpenClassrooms/PROJET_4/TomTroc/App/Core/Router.php(136): App\Controllers\BooksController->showEditBook()
#1 /Users/michaelpeltier/Desktop/OpenClassrooms/PROJET_4/TomTroc/index.php(22): App\Core\Router->dispatch('GET', '/edit-book')
#2 {main}[2026-04-03 14:48:06] La page demandée n'existe pas. in /Users/michaelpeltier/Desktop/OpenClassrooms/PROJET_4/TomTroc/App/Core/Router.php:141
#0 /Users/michaelpeltier/Desktop/OpenClassrooms/PROJET_4/TomTroc/index.php(22): App\Core\Router->dispatch('GET', '/.well-known/ap...')
#1 {main}[2026-04-03 14:48:08] Too few arguments to function App\Controllers\BooksController::showEditBook(), 0 passed in /Users/michaelpeltier/Desktop/OpenClassrooms/PROJET_4/TomTroc/App/Core/Router.php on line 136 and exactly 1 expected in /Users/michaelpeltier/Desktop/OpenClassrooms/PROJET_4/TomTroc/App/Controllers/BooksController.php:86
#0 /Users/michaelpeltier/Desktop/OpenClassrooms/PROJET_4/TomTroc/App/Core/Router.php(136): App\Controllers\BooksController->showEditBook()
#1 /Users/michaelpeltier/Desktop/OpenClassrooms/PROJET_4/TomTroc/index.php(22): App\Core\Router->dispatch('GET', '/edit-book')
#2 {main}[2026-04-03 14:48:08] La page demandée n'existe pas. in /Users/michaelpeltier/Desktop/OpenClassrooms/PROJET_4/TomTroc/App/Core/Router.php:141
#0 /Users/michaelpeltier/Desktop/OpenClassrooms/PROJET_4/TomTroc/index.php(22): App\Core\Router->dispatch('GET', '/.well-known/ap...')
#1 {main}[2026-04-03 14:48:09] La page demandée n'existe pas. in /Users/michaelpeltier/Desktop/OpenClassrooms/PROJET_4/TomTroc/App/Core/Router.php:141
#0 /Users/michaelpeltier/Desktop/OpenClassrooms/PROJET_4/TomTroc/index.php(22): App\Core\Router->dispatch('GET', '/.well-known/ap...')
#1 {main}[2026-04-03 14:48:11] La page demandée n'existe pas. in /Users/michaelpeltier/Desktop/OpenClassrooms/PROJET_4/TomTroc/App/Core/Router.php:141
#0 /Users/michaelpeltier/Desktop/OpenClassrooms/PROJET_4/TomTroc/index.php(22): App\Core\Router->dispatch('GET', '/.well-known/ap...')
#1 {main}[2026-04-03 14:48:12] Too few arguments to function App\Controllers\BooksController::showEditBook(), 0 passed in /Users/michaelpeltier/Desktop/OpenClassrooms/PROJET_4/TomTroc/App/Core/Router.php on line 136 and exactly 1 expected in /Users/michaelpeltier/Desktop/OpenClassrooms/PROJET_4/TomTroc/App/Controllers/BooksController.php:86
#0 /Users/michaelpeltier/Desktop/OpenClassrooms/PROJET_4/TomTroc/App/Core/Router.php(136): App\Controllers\BooksController->showEditBook()
#1 /Users/michaelpeltier/Desktop/OpenClassrooms/PROJET_4/TomTroc/index.php(22): App\Core\Router->dispatch('GET', '/edit-book')
#2 {main}[2026-04-03 14:48:12] La page demandée n'existe pas. in /Users/michaelpeltier/Desktop/OpenClassrooms/PROJET_4/TomTroc/App/Core/Router.php:141
#0 /Users/michaelpeltier/Desktop/OpenClassrooms/PROJET_4/TomTroc/index.php(22): App\Core\Router->dispatch('GET', '/.well-known/ap...')
#1 {main}[2026-04-03 14:49:53] Call to a member function getPictureUri() on null in /Users/michaelpeltier/Desktop/OpenClassrooms/PROJET_4/TomTroc/App/Views/templates/editBook.php:10
#0 /Users/michaelpeltier/Desktop/OpenClassrooms/PROJET_4/TomTroc/App/Views/View.php(57): require()
#1 /Users/michaelpeltier/Desktop/OpenClassrooms/PROJET_4/TomTroc/App/Views/View.php(37): App\Views\View->renderViewFromTemplate('/Users/michaelp...', Array)
#2 /Users/michaelpeltier/Desktop/OpenClassrooms/PROJET_4/TomTroc/App/Controllers/BooksController.php(94): App\Views\View->render('editBook')
#3 /Users/michaelpeltier/Desktop/OpenClassrooms/PROJET_4/TomTroc/App/Core/Router.php(136): App\Controllers\BooksController->showEditBook()
#4 /Users/michaelpeltier/Desktop/OpenClassrooms/PROJET_4/TomTroc/index.php(22): App\Core\Router->dispatch('GET', '/edit-book')
#5 {main}[2026-04-03 14:49:53] La page demandée n'existe pas. in /Users/michaelpeltier/Desktop/OpenClassrooms/PROJET_4/TomTroc/App/Core/Router.php:141
#0 /Users/michaelpeltier/Desktop/OpenClassrooms/PROJET_4/TomTroc/index.php(22): App\Core\Router->dispatch('GET', '/.well-known/ap...')
#1 {main}[2026-04-03 14:49:58] La page demandée n'existe pas. in /Users/michaelpeltier/Desktop/OpenClassrooms/PROJET_4/TomTroc/App/Core/Router.php:141
#0 /Users/michaelpeltier/Desktop/OpenClassrooms/PROJET_4/TomTroc/index.php(22): App\Core\Router->dispatch('GET', '/.well-known/ap...')
#1 {main}[2026-04-03 14:49:58] La page demandée n'existe pas. in /Users/michaelpeltier/Desktop/OpenClassrooms/PROJET_4/TomTroc/App/Core/Router.php:141
#0 /Users/michaelpeltier/Desktop/OpenClassrooms/PROJET_4/TomTroc/index.php(22): App\Core\Router->dispatch('GET', '/.well-known/ap...')
#1 {main}[2026-04-03 14:50:00] Call to a member function getPictureUri() on null in /Users/michaelpeltier/Desktop/OpenClassrooms/PROJET_4/TomTroc/App/Views/templates/editBook.php:10
#0 /Users/michaelpeltier/Desktop/OpenClassrooms/PROJET_4/TomTroc/App/Views/View.php(57): require()
#1 /Users/michaelpeltier/Desktop/OpenClassrooms/PROJET_4/TomTroc/App/Views/View.php(37): App\Views\View->renderViewFromTemplate('/Users/michaelp...', Array)
#2 /Users/michaelpeltier/Desktop/OpenClassrooms/PROJET_4/TomTroc/App/Controllers/BooksController.php(94): App\Views\View->render('editBook')
#3 /Users/michaelpeltier/Desktop/OpenClassrooms/PROJET_4/TomTroc/App/Core/Router.php(136): App\Controllers\BooksController->showEditBook()
#4 /Users/michaelpeltier/Desktop/OpenClassrooms/PROJET_4/TomTroc/index.php(22): App\Core\Router->dispatch('GET', '/edit-book')
#5 {main}[2026-04-03 14:50:00] La page demandée n'existe pas. in /Users/michaelpeltier/Desktop/OpenClassrooms/PROJET_4/TomTroc/App/Core/Router.php:141
#0 /Users/michaelpeltier/Desktop/OpenClassrooms/PROJET_4/TomTroc/index.php(22): App\Core\Router->dispatch('GET', '/.well-known/ap...')
#1 {main}[2026-04-03 14:51:23] Call to a member function getPictureUri() on null in /Users/michaelpeltier/Desktop/OpenClassrooms/PROJET_4/TomTroc/App/Views/templates/editBook.php:10
#0 /Users/michaelpeltier/Desktop/OpenClassrooms/PROJET_4/TomTroc/App/Views/View.php(57): require()
#1 /Users/michaelpeltier/Desktop/OpenClassrooms/PROJET_4/TomTroc/App/Views/View.php(37): App\Views\View->renderViewFromTemplate('/Users/michaelp...', Array)
#2 /Users/michaelpeltier/Desktop/OpenClassrooms/PROJET_4/TomTroc/App/Controllers/BooksController.php(95): App\Views\View->render('editBook')
#3 /Users/michaelpeltier/Desktop/OpenClassrooms/PROJET_4/TomTroc/App/Core/Router.php(136): App\Controllers\BooksController->showEditBook()
#4 /Users/michaelpeltier/Desktop/OpenClassrooms/PROJET_4/TomTroc/index.php(22): App\Core\Router->dispatch('GET', '/edit-book')
#5 {main}[2026-04-03 14:51:23] La page demandée n'existe pas. in /Users/michaelpeltier/Desktop/OpenClassrooms/PROJET_4/TomTroc/App/Core/Router.php:141
#0 /Users/michaelpeltier/Desktop/OpenClassrooms/PROJET_4/TomTroc/index.php(22): App\Core\Router->dispatch('GET', '/.well-known/ap...')
#1 {main}[2026-04-03 14:51:43] La page demandée n'existe pas. in /Users/michaelpeltier/Desktop/OpenClassrooms/PROJET_4/TomTroc/App/Core/Router.php:141
#0 /Users/michaelpeltier/Desktop/OpenClassrooms/PROJET_4/TomTroc/index.php(22): App\Core\Router->dispatch('GET', '/.well-known/ap...')
#1 {main}[2026-04-03 14:51:50] Call to a member function getPictureUri() on null in /Users/michaelpeltier/Desktop/OpenClassrooms/PROJET_4/TomTroc/App/Views/templates/editBook.php:10
#0 /Users/michaelpeltier/Desktop/OpenClassrooms/PROJET_4/TomTroc/App/Views/View.php(57): require()
#1 /Users/michaelpeltier/Desktop/OpenClassrooms/PROJET_4/TomTroc/App/Views/View.php(37): App\Views\View->renderViewFromTemplate('/Users/michaelp...', Array)
#2 /Users/michaelpeltier/Desktop/OpenClassrooms/PROJET_4/TomTroc/App/Controllers/BooksController.php(94): App\Views\View->render('editBook')
#3 /Users/michaelpeltier/Desktop/OpenClassrooms/PROJET_4/TomTroc/App/Core/Router.php(136): App\Controllers\BooksController->showEditBook()
#4 /Users/michaelpeltier/Desktop/OpenClassrooms/PROJET_4/TomTroc/index.php(22): App\Core\Router->dispatch('GET', '/edit-book')
#5 {main}[2026-04-03 14:51:50] La page demandée n'existe pas. in /Users/michaelpeltier/Desktop/OpenClassrooms/PROJET_4/TomTroc/App/Core/Router.php:141
#0 /Users/michaelpeltier/Desktop/OpenClassrooms/PROJET_4/TomTroc/index.php(22): App\Core\Router->dispatch('GET', '/.well-known/ap...')
#1 {main}[2026-04-03 14:52:49] Call to a member function getPictureUri() on null in /Users/michaelpeltier/Desktop/OpenClassrooms/PROJET_4/TomTroc/App/Views/templates/editBook.php:13
#0 /Users/michaelpeltier/Desktop/OpenClassrooms/PROJET_4/TomTroc/App/Views/View.php(57): require()
#1 /Users/michaelpeltier/Desktop/OpenClassrooms/PROJET_4/TomTroc/App/Views/View.php(37): App\Views\View->renderViewFromTemplate('/Users/michaelp...', Array)
#2 /Users/michaelpeltier/Desktop/OpenClassrooms/PROJET_4/TomTroc/App/Controllers/BooksController.php(94): App\Views\View->render('editBook')
#3 /Users/michaelpeltier/Desktop/OpenClassrooms/PROJET_4/TomTroc/App/Core/Router.php(136): App\Controllers\BooksController->showEditBook()
#4 /Users/michaelpeltier/Desktop/OpenClassrooms/PROJET_4/TomTroc/index.php(22): App\Core\Router->dispatch('GET', '/edit-book')
#5 {main}[2026-04-03 14:52:49] La page demandée n'existe pas. in /Users/michaelpeltier/Desktop/OpenClassrooms/PROJET_4/TomTroc/App/Core/Router.php:141
#0 /Users/michaelpeltier/Desktop/OpenClassrooms/PROJET_4/TomTroc/index.php(22): App\Core\Router->dispatch('GET', '/.well-known/ap...')
#1 {main}[2026-04-03 14:56:32] Call to a member function getPictureUri() on null in /Users/michaelpeltier/Desktop/OpenClassrooms/PROJET_4/TomTroc/App/Views/templates/editBook.php:13
#0 /Users/michaelpeltier/Desktop/OpenClassrooms/PROJET_4/TomTroc/App/Views/View.php(57): require()
#1 /Users/michaelpeltier/Desktop/OpenClassrooms/PROJET_4/TomTroc/App/Views/View.php(37): App\Views\View->renderViewFromTemplate('/Users/michaelp...', Array)
#2 /Users/michaelpeltier/Desktop/OpenClassrooms/PROJET_4/TomTroc/App/Controllers/BooksController.php(94): App\Views\View->render('editBook')
#3 /Users/michaelpeltier/Desktop/OpenClassrooms/PROJET_4/TomTroc/App/Core/Router.php(136): App\Controllers\BooksController->showEditBook()
#4 /Users/michaelpeltier/Desktop/OpenClassrooms/PROJET_4/TomTroc/index.php(22): App\Core\Router->dispatch('GET', '/edit-book')
#5 {main}[2026-04-03 14:56:32] La page demandée n'existe pas. in /Users/michaelpeltier/Desktop/OpenClassrooms/PROJET_4/TomTroc/App/Core/Router.php:141
#0 /Users/michaelpeltier/Desktop/OpenClassrooms/PROJET_4/TomTroc/index.php(22): App\Core\Router->dispatch('GET', '/.well-known/ap...')
#1 {main}[2026-04-03 14:57:01] Call to a member function getPictureUri() on null in /Users/michaelpeltier/Desktop/OpenClassrooms/PROJET_4/TomTroc/App/Views/templates/editBook.php:13
#0 /Users/michaelpeltier/Desktop/OpenClassrooms/PROJET_4/TomTroc/App/Views/View.php(57): require()
#1 /Users/michaelpeltier/Desktop/OpenClassrooms/PROJET_4/TomTroc/App/Views/View.php(37): App\Views\View->renderViewFromTemplate('/Users/michaelp...', Array)
#2 /Users/michaelpeltier/Desktop/OpenClassrooms/PROJET_4/TomTroc/App/Controllers/BooksController.php(94): App\Views\View->render('editBook')
#3 /Users/michaelpeltier/Desktop/OpenClassrooms/PROJET_4/TomTroc/App/Core/Router.php(136): App\Controllers\BooksController->showEditBook()
#4 /Users/michaelpeltier/Desktop/OpenClassrooms/PROJET_4/TomTroc/index.php(22): App\Core\Router->dispatch('GET', '/edit-book')
#5 {main}[2026-04-03 14:57:01] La page demandée n'existe pas. in /Users/michaelpeltier/Desktop/OpenClassrooms/PROJET_4/TomTroc/App/Core/Router.php:141
#0 /Users/michaelpeltier/Desktop/OpenClassrooms/PROJET_4/TomTroc/index.php(22): App\Core\Router->dispatch('GET', '/.well-known/ap...')
#1 {main}[2026-04-03 14:57:14] La page demandée n'existe pas. in /Users/michaelpeltier/Desktop/OpenClassrooms/PROJET_4/TomTroc/App/Core/Router.php:141
#0 /Users/michaelpeltier/Desktop/OpenClassrooms/PROJET_4/TomTroc/index.php(22): App\Core\Router->dispatch('GET', '/.well-known/ap...')
#1 {main}[2026-04-03 14:57:57] La page demandée n'existe pas. in /Users/michaelpeltier/Desktop/OpenClassrooms/PROJET_4/TomTroc/App/Core/Router.php:141
#0 /Users/michaelpeltier/Desktop/OpenClassrooms/PROJET_4/TomTroc/index.php(22): App\Core\Router->dispatch('GET', '/.well-known/ap...')
#1 {main}[2026-04-03 14:58:46] La page demandée n'existe pas. in /Users/michaelpeltier/Desktop/OpenClassrooms/PROJET_4/TomTroc/App/Core/Router.php:141
#0 /Users/michaelpeltier/Desktop/OpenClassrooms/PROJET_4/TomTroc/index.php(22): App\Core\Router->dispatch('GET', '/.well-known/ap...')
#1 {main}[2026-04-03 14:59:47] La page demandée n'existe pas. in /Users/michaelpeltier/Desktop/OpenClassrooms/PROJET_4/TomTroc/App/Core/Router.php:141
#0 /Users/michaelpeltier/Desktop/OpenClassrooms/PROJET_4/TomTroc/index.php(22): App\Core\Router->dispatch('GET', '/.well-known/ap...')
#1 {main}[2026-04-03 15:06:38] App\Models\Entities\Book::setOwnerId(): Argument #1 ($ownerId) must be of type int, string given, called in /Users/michaelpeltier/Desktop/OpenClassrooms/PROJET_4/TomTroc/App/Models/Entities/AbstractEntity.php on line 35 in /Users/michaelpeltier/Desktop/OpenClassrooms/PROJET_4/TomTroc/App/Models/Entities/Book.php:132
#0 /Users/michaelpeltier/Desktop/OpenClassrooms/PROJET_4/TomTroc/App/Models/Entities/AbstractEntity.php(35): App\Models\Entities\Book->setOwnerId('')
#1 /Users/michaelpeltier/Desktop/OpenClassrooms/PROJET_4/TomTroc/App/Models/Entities/AbstractEntity.php(19): App\Models\Entities\AbstractEntity->hydrate(Array)
#2 /Users/michaelpeltier/Desktop/OpenClassrooms/PROJET_4/TomTroc/App/Controllers/BooksController.php(125): App\Models\Entities\AbstractEntity->__construct(Array)
#3 /Users/michaelpeltier/Desktop/OpenClassrooms/PROJET_4/TomTroc/App/Core/Router.php(136): App\Controllers\BooksController->addBook()
#4 /Users/michaelpeltier/Desktop/OpenClassrooms/PROJET_4/TomTroc/index.php(22): App\Core\Router->dispatch('POST', '/add-book')
#5 {main}[2026-04-03 15:06:38] La page demandée n'existe pas. in /Users/michaelpeltier/Desktop/OpenClassrooms/PROJET_4/TomTroc/App/Core/Router.php:141
#0 /Users/michaelpeltier/Desktop/OpenClassrooms/PROJET_4/TomTroc/index.php(22): App\Core\Router->dispatch('GET', '/.well-known/ap...')
#1 {main}[2026-04-03 15:07:47] SQLSTATE[23000]: Integrity constraint violation: 1452 Cannot add or update a child row: a foreign key constraint fails (`tom_troc`.`book`, CONSTRAINT `fk_book_owner_id_user` FOREIGN KEY (`owner_id`) REFERENCES `user` (`user_id`) ON UPDATE CASCADE) in /Users/michaelpeltier/Desktop/OpenClassrooms/PROJET_4/TomTroc/App/Models/Database.php:65
#0 /Users/michaelpeltier/Desktop/OpenClassrooms/PROJET_4/TomTroc/App/Models/Database.php(65): PDOStatement->execute(Array)
#1 /Users/michaelpeltier/Desktop/OpenClassrooms/PROJET_4/TomTroc/App/Models/Managers/BookManager.php(134): App\Models\Database->query('INSERT book SET...', Array)
#2 /Users/michaelpeltier/Desktop/OpenClassrooms/PROJET_4/TomTroc/App/Controllers/BooksController.php(135): App\Models\Managers\BookManager->addBook(Object(App\Models\Entities\Book))
#3 /Users/michaelpeltier/Desktop/OpenClassrooms/PROJET_4/TomTroc/App/Core/Router.php(136): App\Controllers\BooksController->addBook()
#4 /Users/michaelpeltier/Desktop/OpenClassrooms/PROJET_4/TomTroc/index.php(22): App\Core\Router->dispatch('POST', '/add-book')
#5 {main}[2026-04-03 15:07:47] La page demandée n'existe pas. in /Users/michaelpeltier/Desktop/OpenClassrooms/PROJET_4/TomTroc/App/Core/Router.php:141
#0 /Users/michaelpeltier/Desktop/OpenClassrooms/PROJET_4/TomTroc/index.php(22): App\Core\Router->dispatch('GET', '/.well-known/ap...')
#1 {main}[2026-04-03 15:12:15] SQLSTATE[23000]: Integrity constraint violation: 1452 Cannot add or update a child row: a foreign key constraint fails (`tom_troc`.`book`, CONSTRAINT `fk_book_owner_id_user` FOREIGN KEY (`owner_id`) REFERENCES `user` (`user_id`) ON UPDATE CASCADE) in /Users/michaelpeltier/Desktop/OpenClassrooms/PROJET_4/TomTroc/App/Models/Database.php:65
#0 /Users/michaelpeltier/Desktop/OpenClassrooms/PROJET_4/TomTroc/App/Models/Database.php(65): PDOStatement->execute(Array)
#1 /Users/michaelpeltier/Desktop/OpenClassrooms/PROJET_4/TomTroc/App/Models/Managers/BookManager.php(135): App\Models\Database->query('INSERT INTO boo...', Array)
#2 /Users/michaelpeltier/Desktop/OpenClassrooms/PROJET_4/TomTroc/App/Controllers/BooksController.php(135): App\Models\Managers\BookManager->addBook(Object(App\Models\Entities\Book))
#3 /Users/michaelpeltier/Desktop/OpenClassrooms/PROJET_4/TomTroc/App/Core/Router.php(136): App\Controllers\BooksController->addBook()
#4 /Users/michaelpeltier/Desktop/OpenClassrooms/PROJET_4/TomTroc/index.php(22): App\Core\Router->dispatch('POST', '/add-book')
#5 {main}[2026-04-03 15:12:15] La page demandée n'existe pas. in /Users/michaelpeltier/Desktop/OpenClassrooms/PROJET_4/TomTroc/App/Core/Router.php:141
#0 /Users/michaelpeltier/Desktop/OpenClassrooms/PROJET_4/TomTroc/index.php(22): App\Core\Router->dispatch('GET', '/.well-known/ap...')
#1 {main}[2026-04-03 15:12:18] La page demandée n'existe pas. in /Users/michaelpeltier/Desktop/OpenClassrooms/PROJET_4/TomTroc/App/Core/Router.php:141
#0 /Users/michaelpeltier/Desktop/OpenClassrooms/PROJET_4/TomTroc/index.php(22): App\Core\Router->dispatch('GET', '/.well-known/ap...')
#1 {main}[2026-04-03 15:12:19] La page demandée n'existe pas. in /Users/michaelpeltier/Desktop/OpenClassrooms/PROJET_4/TomTroc/App/Core/Router.php:141
#0 /Users/michaelpeltier/Desktop/OpenClassrooms/PROJET_4/TomTroc/index.php(22): App\Core\Router->dispatch('GET', '/.well-known/ap...')
#1 {main}[2026-04-03 15:12:19] La page demandée n'existe pas. in /Users/michaelpeltier/Desktop/OpenClassrooms/PROJET_4/TomTroc/App/Core/Router.php:141
#0 /Users/michaelpeltier/Desktop/OpenClassrooms/PROJET_4/TomTroc/index.php(22): App\Core\Router->dispatch('GET', '/.well-known/ap...')
#1 {main}[2026-04-03 15:12:36] SQLSTATE[23000]: Integrity constraint violation: 1452 Cannot add or update a child row: a foreign key constraint fails (`tom_troc`.`book`, CONSTRAINT `fk_book_owner_id_user` FOREIGN KEY (`owner_id`) REFERENCES `user` (`user_id`) ON UPDATE CASCADE) in /Users/michaelpeltier/Desktop/OpenClassrooms/PROJET_4/TomTroc/App/Models/Database.php:65
#0 /Users/michaelpeltier/Desktop/OpenClassrooms/PROJET_4/TomTroc/App/Models/Database.php(65): PDOStatement->execute(Array)
#1 /Users/michaelpeltier/Desktop/OpenClassrooms/PROJET_4/TomTroc/App/Models/Managers/BookManager.php(135): App\Models\Database->query('INSERT INTO boo...', Array)
#2 /Users/michaelpeltier/Desktop/OpenClassrooms/PROJET_4/TomTroc/App/Controllers/BooksController.php(135): App\Models\Managers\BookManager->addBook(Object(App\Models\Entities\Book))
#3 /Users/michaelpeltier/Desktop/OpenClassrooms/PROJET_4/TomTroc/App/Core/Router.php(136): App\Controllers\BooksController->addBook()
#4 /Users/michaelpeltier/Desktop/OpenClassrooms/PROJET_4/TomTroc/index.php(22): App\Core\Router->dispatch('POST', '/add-book')
#5 {main}[2026-04-03 15:12:36] La page demandée n'existe pas. in /Users/michaelpeltier/Desktop/OpenClassrooms/PROJET_4/TomTroc/App/Core/Router.php:141
#0 /Users/michaelpeltier/Desktop/OpenClassrooms/PROJET_4/TomTroc/index.php(22): App\Core\Router->dispatch('GET', '/.well-known/ap...')
#1 {main}[2026-04-03 15:12:39] La page demandée n'existe pas. in /Users/michaelpeltier/Desktop/OpenClassrooms/PROJET_4/TomTroc/App/Core/Router.php:141
#0 /Users/michaelpeltier/Desktop/OpenClassrooms/PROJET_4/TomTroc/index.php(22): App\Core\Router->dispatch('GET', '/.well-known/ap...')
#1 {main}[2026-04-03 15:29:30] La page demandée n'existe pas. in /Users/michaelpeltier/Desktop/OpenClassrooms/PROJET_4/TomTroc/App/Core/Router.php:141
#0 /Users/michaelpeltier/Desktop/OpenClassrooms/PROJET_4/TomTroc/index.php(22): App\Core\Router->dispatch('GET', '/.well-known/ap...')
#1 {main}[2026-04-03 15:29:31] La page demandée n'existe pas. in /Users/michaelpeltier/Desktop/OpenClassrooms/PROJET_4/TomTroc/App/Core/Router.php:141
#0 /Users/michaelpeltier/Desktop/OpenClassrooms/PROJET_4/TomTroc/index.php(22): App\Core\Router->dispatch('GET', '/.well-known/ap...')
#1 {main}[2026-04-03 15:30:05] SQLSTATE[23000]: Integrity constraint violation: 1452 Cannot add or update a child row: a foreign key constraint fails (`tom_troc`.`book`, CONSTRAINT `fk_book_owner_id_user` FOREIGN KEY (`owner_id`) REFERENCES `user` (`user_id`) ON UPDATE CASCADE) in /Users/michaelpeltier/Desktop/OpenClassrooms/PROJET_4/TomTroc/App/Models/Database.php:65
#0 /Users/michaelpeltier/Desktop/OpenClassrooms/PROJET_4/TomTroc/App/Models/Database.php(65): PDOStatement->execute(Array)
#1 /Users/michaelpeltier/Desktop/OpenClassrooms/PROJET_4/TomTroc/App/Models/Managers/BookManager.php(135): App\Models\Database->query('INSERT INTO boo...', Array)
#2 /Users/michaelpeltier/Desktop/OpenClassrooms/PROJET_4/TomTroc/App/Controllers/BooksController.php(135): App\Models\Managers\BookManager->addBook(Object(App\Models\Entities\Book))
#3 /Users/michaelpeltier/Desktop/OpenClassrooms/PROJET_4/TomTroc/App/Core/Router.php(136): App\Controllers\BooksController->addBook()
#4 /Users/michaelpeltier/Desktop/OpenClassrooms/PROJET_4/TomTroc/index.php(22): App\Core\Router->dispatch('POST', '/add-book')
#5 {main}[2026-04-03 15:30:05] La page demandée n'existe pas. in /Users/michaelpeltier/Desktop/OpenClassrooms/PROJET_4/TomTroc/App/Core/Router.php:141
#0 /Users/michaelpeltier/Desktop/OpenClassrooms/PROJET_4/TomTroc/index.php(22): App\Core\Router->dispatch('GET', '/.well-known/ap...')
#1 {main}[2026-04-03 15:30:53] SQLSTATE[23000]: Integrity constraint violation: 1452 Cannot add or update a child row: a foreign key constraint fails (`tom_troc`.`book`, CONSTRAINT `fk_book_owner_id_user` FOREIGN KEY (`owner_id`) REFERENCES `user` (`user_id`) ON UPDATE CASCADE) in /Users/michaelpeltier/Desktop/OpenClassrooms/PROJET_4/TomTroc/App/Models/Database.php:65
#0 /Users/michaelpeltier/Desktop/OpenClassrooms/PROJET_4/TomTroc/App/Models/Database.php(65): PDOStatement->execute(Array)
#1 /Users/michaelpeltier/Desktop/OpenClassrooms/PROJET_4/TomTroc/App/Models/Managers/BookManager.php(135): App\Models\Database->query('INSERT INTO boo...', Array)
#2 /Users/michaelpeltier/Desktop/OpenClassrooms/PROJET_4/TomTroc/App/Controllers/BooksController.php(135): App\Models\Managers\BookManager->addBook(Object(App\Models\Entities\Book))
#3 /Users/michaelpeltier/Desktop/OpenClassrooms/PROJET_4/TomTroc/App/Core/Router.php(136): App\Controllers\BooksController->addBook()
#4 /Users/michaelpeltier/Desktop/OpenClassrooms/PROJET_4/TomTroc/index.php(22): App\Core\Router->dispatch('POST', '/add-book')
#5 {main}[2026-04-03 15:30:53] La page demandée n'existe pas. in /Users/michaelpeltier/Desktop/OpenClassrooms/PROJET_4/TomTroc/App/Core/Router.php:141
#0 /Users/michaelpeltier/Desktop/OpenClassrooms/PROJET_4/TomTroc/index.php(22): App\Core\Router->dispatch('GET', '/.well-known/ap...')
#1 {main}[2026-04-03 15:30:58] La page demandée n'existe pas. in /Users/michaelpeltier/Desktop/OpenClassrooms/PROJET_4/TomTroc/App/Core/Router.php:141
#0 /Users/michaelpeltier/Desktop/OpenClassrooms/PROJET_4/TomTroc/index.php(22): App\Core\Router->dispatch('GET', '/.well-known/ap...')
#1 {main}[2026-04-03 15:31:04] La page demandée n'existe pas. in /Users/michaelpeltier/Desktop/OpenClassrooms/PROJET_4/TomTroc/App/Core/Router.php:141
#0 /Users/michaelpeltier/Desktop/OpenClassrooms/PROJET_4/TomTroc/index.php(22): App\Core\Router->dispatch('GET', '/.well-known/ap...')
#1 {main}[2026-04-03 15:31:05] La page demandée n'existe pas. in /Users/michaelpeltier/Desktop/OpenClassrooms/PROJET_4/TomTroc/App/Core/Router.php:141
#0 /Users/michaelpeltier/Desktop/OpenClassrooms/PROJET_4/TomTroc/index.php(22): App\Core\Router->dispatch('GET', '/.well-known/ap...')
#1 {main}[2026-04-03 15:31:18] La page demandée n'existe pas. in /Users/michaelpeltier/Desktop/OpenClassrooms/PROJET_4/TomTroc/App/Core/Router.php:141
#0 /Users/michaelpeltier/Desktop/OpenClassrooms/PROJET_4/TomTroc/index.php(22): App\Core\Router->dispatch('GET', '/.well-known/ap...')
#1 {main}[2026-04-03 15:31:24] La page demandée n'existe pas. in /Users/michaelpeltier/Desktop/OpenClassrooms/PROJET_4/TomTroc/App/Core/Router.php:141
#0 /Users/michaelpeltier/Desktop/OpenClassrooms/PROJET_4/TomTroc/index.php(22): App\Core\Router->dispatch('GET', '/.well-known/ap...')
#1 {main}[2026-04-03 15:31:36] La page demandée n'existe pas. in /Users/michaelpeltier/Desktop/OpenClassrooms/PROJET_4/TomTroc/App/Core/Router.php:141
#0 /Users/michaelpeltier/Desktop/OpenClassrooms/PROJET_4/TomTroc/index.php(22): App\Core\Router->dispatch('GET', '/.well-known/ap...')
#1 {main}[2026-04-03 15:31:54] La page demandée n'existe pas. in /Users/michaelpeltier/Desktop/OpenClassrooms/PROJET_4/TomTroc/App/Core/Router.php:141
#0 /Users/michaelpeltier/Desktop/OpenClassrooms/PROJET_4/TomTroc/index.php(22): App\Core\Router->dispatch('GET', '/.well-known/ap...')
#1 {main}[2026-04-03 15:31:56] La page demandée n'existe pas. in /Users/michaelpeltier/Desktop/OpenClassrooms/PROJET_4/TomTroc/App/Core/Router.php:141
#0 /Users/michaelpeltier/Desktop/OpenClassrooms/PROJET_4/TomTroc/index.php(22): App\Core\Router->dispatch('GET', '/.well-known/ap...')
#1 {main}[2026-04-03 15:36:04] La page demandée n'existe pas. in /Users/michaelpeltier/Desktop/OpenClassrooms/PROJET_4/TomTroc/App/Core/Router.php:141
#0 /Users/michaelpeltier/Desktop/OpenClassrooms/PROJET_4/TomTroc/index.php(22): App\Core\Router->dispatch('GET', '/.well-known/ap...')
#1 {main}[2026-04-03 15:36:45] La page demandée n'existe pas. in /Users/michaelpeltier/Desktop/OpenClassrooms/PROJET_4/TomTroc/App/Core/Router.php:141
#0 /Users/michaelpeltier/Desktop/OpenClassrooms/PROJET_4/TomTroc/index.php(22): App\Core\Router->dispatch('GET', '/.well-known/ap...')
#1 {main}[2026-04-03 15:37:30] La page demandée n'existe pas. in /Users/michaelpeltier/Desktop/OpenClassrooms/PROJET_4/TomTroc/App/Core/Router.php:141
#0 /Users/michaelpeltier/Desktop/OpenClassrooms/PROJET_4/TomTroc/index.php(22): App\Core\Router->dispatch('GET', '/.well-known/ap...')
#1 {main}[2026-04-03 15:37:41] La page demandée n'existe pas. in /Users/michaelpeltier/Desktop/OpenClassrooms/PROJET_4/TomTroc/App/Core/Router.php:141
#0 /Users/michaelpeltier/Desktop/OpenClassrooms/PROJET_4/TomTroc/index.php(22): App\Core\Router->dispatch('GET', '/.well-known/ap...')
#1 {main}[2026-04-03 15:37:45] La page demandée n'existe pas. in /Users/michaelpeltier/Desktop/OpenClassrooms/PROJET_4/TomTroc/App/Core/Router.php:141
#0 /Users/michaelpeltier/Desktop/OpenClassrooms/PROJET_4/TomTroc/index.php(22): App\Core\Router->dispatch('GET', '/.well-known/ap...')
#1 {main}[2026-04-03 15:37:47] La page demandée n'existe pas. in /Users/michaelpeltier/Desktop/OpenClassrooms/PROJET_4/TomTroc/App/Core/Router.php:141
#0 /Users/michaelpeltier/Desktop/OpenClassrooms/PROJET_4/TomTroc/index.php(22): App\Core\Router->dispatch('GET', '/.well-known/ap...')
#1 {main}[2026-04-03 15:37:49] La page demandée n'existe pas. in /Users/michaelpeltier/Desktop/OpenClassrooms/PROJET_4/TomTroc/App/Core/Router.php:141
#0 /Users/michaelpeltier/Desktop/OpenClassrooms/PROJET_4/TomTroc/index.php(22): App\Core\Router->dispatch('GET', '/.well-known/ap...')
#1 {main}[2026-04-03 15:37:53] La page demandée n'existe pas. in /Users/michaelpeltier/Desktop/OpenClassrooms/PROJET_4/TomTroc/App/Core/Router.php:141
#0 /Users/michaelpeltier/Desktop/OpenClassrooms/PROJET_4/TomTroc/index.php(22): App\Core\Router->dispatch('GET', '/.well-known/ap...')
#1 {main}[2026-04-03 15:37:53] La page demandée n'existe pas. in /Users/michaelpeltier/Desktop/OpenClassrooms/PROJET_4/TomTroc/App/Core/Router.php:141
#0 /Users/michaelpeltier/Desktop/OpenClassrooms/PROJET_4/TomTroc/index.php(22): App\Core\Router->dispatch('GET', '/.well-known/ap...')
#1 {main}[2026-04-03 15:37:54] La page demandée n'existe pas. in /Users/michaelpeltier/Desktop/OpenClassrooms/PROJET_4/TomTroc/App/Core/Router.php:141
#0 /Users/michaelpeltier/Desktop/OpenClassrooms/PROJET_4/TomTroc/index.php(22): App\Core\Router->dispatch('GET', '/.well-known/ap...')
#1 {main}[2026-04-03 15:38:11] La page demandée n'existe pas. in /Users/michaelpeltier/Desktop/OpenClassrooms/PROJET_4/TomTroc/App/Core/Router.php:141
#0 /Users/michaelpeltier/Desktop/OpenClassrooms/PROJET_4/TomTroc/index.php(22): App\Core\Router->dispatch('GET', '/.well-known/ap...')
#1 {main}
